/*
 Navicat Premium Data Transfer

 Source Server         : localhost
 Source Server Type    : Oracle
 Source Server Version : 100200
 Source Host           : localhost:1521
 Source Schema         : THYMELTE

 Target Server Type    : Oracle
 Target Server Version : 100200
 File Encoding         : 65001

 Date: 18/03/2019 13:39:37
*/


-- ----------------------------
-- Table structure for CLIENTDETAILS
-- ----------------------------
DROP TABLE "THYMELTE"."CLIENTDETAILS";
CREATE TABLE "THYMELTE"."CLIENTDETAILS" (
  "APPID" VARCHAR2(36 BYTE) NOT NULL ,
  "RESOURCEIDS" VARCHAR2(256 BYTE) ,
  "APPSECRET" VARCHAR2(256 BYTE) ,
  "SCOPE" VARCHAR2(256 BYTE) ,
  "GRANTTYPES" VARCHAR2(256 BYTE) ,
  "REDIRECTURL" VARCHAR2(256 BYTE) ,
  "AUTHORITIES" VARCHAR2(256 BYTE) ,
  "ACCESS_TOKEN_VALIDITY" NUMBER ,
  "REFRESH_TOKEN_VALIDITY" NUMBER ,
  "ADDITIONALINFORMATION" VARCHAR2(4000 BYTE) ,
  "AUTOAPPROVESCOPES" VARCHAR2(256 BYTE)
)
TABLESPACE "THYMELTE"
LOGGING
NOCOMPRESS
PCTFREE 10
INITRANS 1
STORAGE (
  INITIAL 65536
  MINEXTENTS 1
  MAXEXTENTS 2147483645
  BUFFER_POOL DEFAULT
)
PARALLEL 1
NOCACHE
DISABLE ROW MOVEMENT
;

-- ----------------------------
-- Table structure for LOGGING_EVENT
-- ----------------------------
DROP TABLE "THYMELTE"."LOGGING_EVENT";
CREATE TABLE "THYMELTE"."LOGGING_EVENT" (
  "TIMESTMP" NUMBER(20) NOT NULL ,
  "FORMATTED_MESSAGE" VARCHAR2(4000 BYTE) NOT NULL ,
  "LOGGER_NAME" VARCHAR2(254 BYTE) NOT NULL ,
  "LEVEL_STRING" VARCHAR2(254 BYTE) NOT NULL ,
  "THREAD_NAME" VARCHAR2(254 BYTE) ,
  "REFERENCE_FLAG" NUMBER ,
  "ARG0" VARCHAR2(254 BYTE) ,
  "ARG1" VARCHAR2(254 BYTE) ,
  "ARG2" VARCHAR2(254 BYTE) ,
  "ARG3" VARCHAR2(254 BYTE) ,
  "CALLER_FILENAME" VARCHAR2(254 BYTE) NOT NULL ,
  "CALLER_CLASS" VARCHAR2(254 BYTE) NOT NULL ,
  "CALLER_METHOD" VARCHAR2(254 BYTE) NOT NULL ,
  "CALLER_LINE" CHAR(4 BYTE) NOT NULL ,
  "EVENT_ID" NUMBER(10) NOT NULL
)
TABLESPACE "THYMELTE"
LOGGING
NOCOMPRESS
PCTFREE 10
INITRANS 1
STORAGE (
  INITIAL 65536
  MINEXTENTS 1
  MAXEXTENTS 2147483645
  BUFFER_POOL DEFAULT
)
PARALLEL 1
NOCACHE
DISABLE ROW MOVEMENT
;

-- ----------------------------
-- Table structure for LOGGING_EVENT_EXCEPTION
-- ----------------------------
DROP TABLE "THYMELTE"."LOGGING_EVENT_EXCEPTION";
CREATE TABLE "THYMELTE"."LOGGING_EVENT_EXCEPTION" (
  "EVENT_ID" NUMBER(10) NOT NULL ,
  "I" NUMBER NOT NULL ,
  "TRACE_LINE" VARCHAR2(254 BYTE) NOT NULL
)
TABLESPACE "THYMELTE"
LOGGING
NOCOMPRESS
PCTFREE 10
INITRANS 1
STORAGE (
  INITIAL 65536
  MINEXTENTS 1
  MAXEXTENTS 2147483645
  BUFFER_POOL DEFAULT
)
PARALLEL 1
NOCACHE
DISABLE ROW MOVEMENT
;

-- ----------------------------
-- Table structure for LOGGING_EVENT_PROPERTY
-- ----------------------------
DROP TABLE "THYMELTE"."LOGGING_EVENT_PROPERTY";
CREATE TABLE "THYMELTE"."LOGGING_EVENT_PROPERTY" (
  "EVENT_ID" NUMBER(10) NOT NULL ,
  "MAPPED_KEY" VARCHAR2(254 BYTE) NOT NULL ,
  "MAPPED_VALUE" VARCHAR2(1024 BYTE)
)
TABLESPACE "THYMELTE"
LOGGING
NOCOMPRESS
PCTFREE 10
INITRANS 1
STORAGE (
  INITIAL 65536
  MINEXTENTS 1
  MAXEXTENTS 2147483645
  BUFFER_POOL DEFAULT
)
PARALLEL 1
NOCACHE
DISABLE ROW MOVEMENT
;

-- ----------------------------
-- Table structure for OAUTH_ACCESS_TOKEN
-- ----------------------------
DROP TABLE "THYMELTE"."OAUTH_ACCESS_TOKEN";
CREATE TABLE "THYMELTE"."OAUTH_ACCESS_TOKEN" (
  "TOKEN_ID" VARCHAR2(36 BYTE) ,
  "TOKEN" BLOB ,
  "AUTHENTICATION_ID" VARCHAR2(36 BYTE) NOT NULL ,
  "USER_NAME" VARCHAR2(256 BYTE) ,
  "CLIENT_ID" VARCHAR2(36 BYTE) ,
  "AUTHENTICATION" BLOB ,
  "REFRESH_TOKEN" VARCHAR2(256 BYTE)
)
TABLESPACE "THYMELTE"
LOGGING
NOCOMPRESS
PCTFREE 10
INITRANS 1
STORAGE (
  INITIAL 65536
  MINEXTENTS 1
  MAXEXTENTS 2147483645
  BUFFER_POOL DEFAULT
)
PARALLEL 1
NOCACHE
DISABLE ROW MOVEMENT
;

-- ----------------------------
-- Table structure for OAUTH_APPROVALS
-- ----------------------------
DROP TABLE "THYMELTE"."OAUTH_APPROVALS";
CREATE TABLE "THYMELTE"."OAUTH_APPROVALS" (
  "USERID" VARCHAR2(36 BYTE) ,
  "CLIENTID" VARCHAR2(36 BYTE) ,
  "SCOPE" VARCHAR2(256 BYTE) ,
  "STATUS" VARCHAR2(10 BYTE) ,
  "EXPIRESAT" TIMESTAMP(6) ,
  "LASTMODIFIEDAT" TIMESTAMP(6)
)
TABLESPACE "THYMELTE"
LOGGING
NOCOMPRESS
PCTFREE 10
INITRANS 1
STORAGE (
  INITIAL 65536
  MINEXTENTS 1
  MAXEXTENTS 2147483645
  BUFFER_POOL DEFAULT
)
PARALLEL 1
NOCACHE
DISABLE ROW MOVEMENT
;

-- ----------------------------
-- Table structure for OAUTH_CLIENT_DETAILS
-- ----------------------------
DROP TABLE "THYMELTE"."OAUTH_CLIENT_DETAILS";
CREATE TABLE "THYMELTE"."OAUTH_CLIENT_DETAILS" (
  "CLIENT_ID" VARCHAR2(36 BYTE) NOT NULL ,
  "RESOURCE_IDS" VARCHAR2(256 BYTE) ,
  "CLIENT_SECRET" VARCHAR2(256 BYTE) ,
  "SCOPE" VARCHAR2(256 BYTE) ,
  "AUTHORIZED_GRANT_TYPES" VARCHAR2(256 BYTE) ,
  "WEB_SERVER_REDIRECT_URI" VARCHAR2(256 BYTE) ,
  "AUTHORITIES" VARCHAR2(256 BYTE) ,
  "ACCESS_TOKEN_VALIDITY" NUMBER ,
  "REFRESH_TOKEN_VALIDITY" NUMBER ,
  "ADDITIONAL_INFORMATION" VARCHAR2(4000 BYTE) ,
  "AUTOAPPROVE" VARCHAR2(256 BYTE)
)
TABLESPACE "THYMELTE"
LOGGING
NOCOMPRESS
PCTFREE 10
INITRANS 1
STORAGE (
  INITIAL 65536
  MINEXTENTS 1
  MAXEXTENTS 2147483645
  BUFFER_POOL DEFAULT
)
PARALLEL 1
NOCACHE
DISABLE ROW MOVEMENT
;

-- ----------------------------
-- Table structure for OAUTH_CLIENT_TOKEN
-- ----------------------------
DROP TABLE "THYMELTE"."OAUTH_CLIENT_TOKEN";
CREATE TABLE "THYMELTE"."OAUTH_CLIENT_TOKEN" (
  "TOKEN_ID" VARCHAR2(36 BYTE) ,
  "TOKEN" BLOB ,
  "AUTHENTICATION_ID" VARCHAR2(36 BYTE) NOT NULL ,
  "USER_NAME" VARCHAR2(256 BYTE) ,
  "CLIENT_ID" VARCHAR2(36 BYTE)
)
TABLESPACE "THYMELTE"
LOGGING
NOCOMPRESS
PCTFREE 10
INITRANS 1
STORAGE (
  INITIAL 65536
  MINEXTENTS 1
  MAXEXTENTS 2147483645
  BUFFER_POOL DEFAULT
)
PARALLEL 1
NOCACHE
DISABLE ROW MOVEMENT
;

-- ----------------------------
-- Table structure for OAUTH_CODE
-- ----------------------------
DROP TABLE "THYMELTE"."OAUTH_CODE";
CREATE TABLE "THYMELTE"."OAUTH_CODE" (
  "CODE" VARCHAR2(256 BYTE) ,
  "AUTHENTICATION" BLOB
)
TABLESPACE "THYMELTE"
LOGGING
NOCOMPRESS
PCTFREE 10
INITRANS 1
STORAGE (
  INITIAL 65536
  MINEXTENTS 1
  MAXEXTENTS 2147483645
  BUFFER_POOL DEFAULT
)
PARALLEL 1
NOCACHE
DISABLE ROW MOVEMENT
;

-- ----------------------------
-- Table structure for OAUTH_REFRESH_TOKEN
-- ----------------------------
DROP TABLE "THYMELTE"."OAUTH_REFRESH_TOKEN";
CREATE TABLE "THYMELTE"."OAUTH_REFRESH_TOKEN" (
  "TOKEN_ID" VARCHAR2(36 BYTE) ,
  "TOKEN" BLOB ,
  "AUTHENTICATION" BLOB
)
TABLESPACE "THYMELTE"
LOGGING
NOCOMPRESS
PCTFREE 10
INITRANS 1
STORAGE (
  INITIAL 65536
  MINEXTENTS 1
  MAXEXTENTS 2147483645
  BUFFER_POOL DEFAULT
)
PARALLEL 1
NOCACHE
DISABLE ROW MOVEMENT
;

-- ----------------------------
-- Table structure for T_ACCOUNT_BIND
-- ----------------------------
DROP TABLE "THYMELTE"."T_ACCOUNT_BIND";
CREATE TABLE "THYMELTE"."T_ACCOUNT_BIND" (
  "ID" NUMBER(38) NOT NULL ,
  "CREATE_BY" NUMBER(38) ,
  "CREATE_DATE" DATE ,
  "UPDATE_BY" NUMBER(38) ,
  "UPDATE_DATE" DATE ,
  "USER_ID" NUMBER(38) ,
  "ACCOUNT_TYPE" NUMBER(22) ,
  "ACCOUNT_NO" VARCHAR2(50 BYTE) ,
  "PASSWORD" VARCHAR2(50 BYTE) ,
  "SECRET_KEY" VARCHAR2(50 BYTE) ,
  "IS_BIND" CHAR(1 BYTE) ,
  "OVERDUE_TIME" DATE ,
  "STATUS" VARCHAR2(32 BYTE)
)
TABLESPACE "THYMELTE"
LOGGING
NOCOMPRESS
PCTFREE 10
INITRANS 1
STORAGE (
  INITIAL 65536
  MINEXTENTS 1
  MAXEXTENTS 2147483645
  BUFFER_POOL DEFAULT
)
PARALLEL 1
NOCACHE
DISABLE ROW MOVEMENT
;

-- ----------------------------
-- Table structure for T_AUTHORITIES
-- ----------------------------
DROP TABLE "THYMELTE"."T_AUTHORITIES";
CREATE TABLE "THYMELTE"."T_AUTHORITIES" (
  "ID" NUMBER(38) NOT NULL ,
  "CREATE_BY" NUMBER(38) ,
  "CREATE_DATE" DATE ,
  "UPDATE_BY" NUMBER(38) ,
  "UPDATE_DATE" DATE ,
  "USER_ID" NUMBER(38) NOT NULL ,
  "AUTHORITY" VARCHAR2(50 BYTE) NOT NULL
)
TABLESPACE "THYMELTE"
LOGGING
NOCOMPRESS
PCTFREE 10
INITRANS 1
STORAGE (
  INITIAL 65536
  MINEXTENTS 1
  MAXEXTENTS 2147483645
  BUFFER_POOL DEFAULT
)
PARALLEL 1
NOCACHE
DISABLE ROW MOVEMENT
;

-- ----------------------------
-- Records of T_AUTHORITIES
-- ----------------------------
INSERT INTO "THYMELTE"."T_AUTHORITIES" VALUES ('1', NULL, NULL, NULL, NULL, '1000000000', 'ROLE_ADMIN');
INSERT INTO "THYMELTE"."T_AUTHORITIES" VALUES ('4', NULL, NULL, NULL, NULL, '1000000001', 'ROLE_SU');
INSERT INTO "THYMELTE"."T_AUTHORITIES" VALUES ('3', NULL, NULL, NULL, NULL, '1000000002', 'ROLE_ADMIN');
INSERT INTO "THYMELTE"."T_AUTHORITIES" VALUES ('2', NULL, NULL, NULL, NULL, '1000000000', 'ROLE_SU');
INSERT INTO "THYMELTE"."T_AUTHORITIES" VALUES ('5', NULL, NULL, NULL, NULL, '1000000000', 'ROLE_USER');

-- ----------------------------
-- Table structure for T_BILL
-- ----------------------------
DROP TABLE "THYMELTE"."T_BILL";
CREATE TABLE "THYMELTE"."T_BILL" (
  "ID" NUMBER(38) NOT NULL ,
  "CREATE_BY" NUMBER(38) ,
  "CREATE_DATE" DATE ,
  "UPDATE_BY" NUMBER(38) ,
  "UPDATE_DATE" DATE ,
  "BILL_TYPE" VARCHAR2(50 BYTE) ,
  "BILL_STATUS" VARCHAR2(50 BYTE) ,
  "BILL_DESC" VARCHAR2(100 BYTE) ,
  "RECEIVING_ADDRESS" VARCHAR2(100 BYTE) ,
  "LOGISTICS_INFO" VARCHAR2(50 BYTE) ,
  "LOGISTICS_NO" VARCHAR2(50 BYTE) ,
  "LOGISTICS_STATUS" VARCHAR2(50 BYTE) ,
  "BILL_DATE" DATE ,
  "TOTAL_AMOUNT" NUMBER(38,2) ,
  "QUANTITY" NUMBER(22) ,
  "OUT_TRADE_NO" VARCHAR2(50 BYTE) ,
  "TO_MEMBER_NAME" VARCHAR2(50 BYTE) ,
  "TO_MEMBER_ID" VARCHAR2(50 BYTE) ,
  "PAYMENT_TYPE" VARCHAR2(50 BYTE) ,
  "PAYMENT_ACCOUNT_NO" VARCHAR2(50 BYTE) ,
  "REASON" VARCHAR2(255 BYTE) ,
  "INTEGRAL_REWARD" NUMBER(22) ,
  "REMARK" VARCHAR2(255 BYTE) ,
  "BILL_CONTEXT" CLOB ,
  "USER_ID" NUMBER(38)
)
TABLESPACE "THYMELTE"
LOGGING
NOCOMPRESS
PCTFREE 10
INITRANS 1
STORAGE (
  INITIAL 65536
  MINEXTENTS 1
  MAXEXTENTS 2147483645
  BUFFER_POOL DEFAULT
)
PARALLEL 1
NOCACHE
DISABLE ROW MOVEMENT
;

-- ----------------------------
-- Table structure for T_DICT_TYPE
-- ----------------------------
DROP TABLE "THYMELTE"."T_DICT_TYPE";
CREATE TABLE "THYMELTE"."T_DICT_TYPE" (
  "ID" NUMBER(38) NOT NULL ,
  "CREATE_BY" NUMBER(38) ,
  "CREATE_DATE" DATE ,
  "UPDATE_BY" NUMBER(38) ,
  "UPDATE_DATE" DATE ,
  "TYPE_CODE" VARCHAR2(255 BYTE) ,
  "TYPE_NAME" VARCHAR2(255 BYTE) ,
  "TYPE_GROUP_ID" NUMBER(38) ,
  "TYPE_GROUP_CODE" VARCHAR2(255 BYTE) ,
  "ORDER_NUM" NUMBER(4)
)
TABLESPACE "THYMELTE"
LOGGING
NOCOMPRESS
PCTFREE 10
INITRANS 1
STORAGE (
  INITIAL 65536
  MINEXTENTS 1
  MAXEXTENTS 2147483645
  BUFFER_POOL DEFAULT
)
PARALLEL 1
NOCACHE
DISABLE ROW MOVEMENT
;

-- ----------------------------
-- Records of T_DICT_TYPE
-- ----------------------------
INSERT INTO "THYMELTE"."T_DICT_TYPE" VALUES ('100000001', NULL, NULL, NULL, NULL, '0', 'phone', '1', NULL, '1');
INSERT INTO "THYMELTE"."T_DICT_TYPE" VALUES ('100000002', NULL, NULL, NULL, NULL, '1', 'web', '1', NULL, '2');
INSERT INTO "THYMELTE"."T_DICT_TYPE" VALUES ('100000003', NULL, NULL, NULL, NULL, '0', '不可用', '2', NULL, NULL);
INSERT INTO "THYMELTE"."T_DICT_TYPE" VALUES ('100000004', NULL, NULL, NULL, NULL, '1', '可用', '2', NULL, NULL);
INSERT INTO "THYMELTE"."T_DICT_TYPE" VALUES ('100000005', NULL, NULL, NULL, NULL, 'ROLE_USER', '普通用户', '3', 'role_type', '2');
INSERT INTO "THYMELTE"."T_DICT_TYPE" VALUES ('100000006', NULL, NULL, NULL, NULL, 'ROLE_ADMIN', '管理员', '3', 'role_type', '1');
INSERT INTO "THYMELTE"."T_DICT_TYPE" VALUES ('100000007', NULL, NULL, NULL, NULL, 'ROLE_SU', '超管', '3', 'role_type', '0');
INSERT INTO "THYMELTE"."T_DICT_TYPE" VALUES ('100000008', NULL, NULL, NULL, NULL, 'true', '男', '4', 'sex', NULL);
INSERT INTO "THYMELTE"."T_DICT_TYPE" VALUES ('100000009', NULL, NULL, NULL, NULL, 'false', '女', '4', 'sex', NULL);
INSERT INTO "THYMELTE"."T_DICT_TYPE" VALUES ('100000010', NULL, NULL, NULL, NULL, '0', '离线', '5', NULL, '1');
INSERT INTO "THYMELTE"."T_DICT_TYPE" VALUES ('100000011', NULL, NULL, NULL, NULL, '1', '在线', '5', NULL, '2');
INSERT INTO "THYMELTE"."T_DICT_TYPE" VALUES ('100000012', NULL, NULL, NULL, NULL, '0', '关闭', '6', NULL, NULL);
INSERT INTO "THYMELTE"."T_DICT_TYPE" VALUES ('100000013', NULL, NULL, NULL, NULL, '1', '启用', '6', NULL, NULL);
INSERT INTO "THYMELTE"."T_DICT_TYPE" VALUES ('100000014', NULL, NULL, NULL, NULL, '1', '一级菜单', '7', NULL, '1');
INSERT INTO "THYMELTE"."T_DICT_TYPE" VALUES ('100000015', NULL, NULL, NULL, NULL, '2', '二级菜单', '7', NULL, '2');
INSERT INTO "THYMELTE"."T_DICT_TYPE" VALUES ('95684685694238720', NULL, NULL, NULL, NULL, 'test_01', '测试子字典1', '95684503049076736', NULL, '1');
INSERT INTO "THYMELTE"."T_DICT_TYPE" VALUES ('95854276256989184', NULL, NULL, NULL, NULL, '2', '勿扰', '5', NULL, '3');
INSERT INTO "THYMELTE"."T_DICT_TYPE" VALUES ('96958562013544448', NULL, NULL, NULL, NULL, '1', '待付款', '96950073392365568', 'bill_status', '1');
INSERT INTO "THYMELTE"."T_DICT_TYPE" VALUES ('96959193222742016', NULL, NULL, NULL, NULL, '2', '已付款，待发货', '96950073392365568', 'bill_status', '2');
INSERT INTO "THYMELTE"."T_DICT_TYPE" VALUES ('96961451628953600', NULL, NULL, NULL, NULL, '3', '已发货，待收货', '96950073392365568', 'bill_status', '1');
INSERT INTO "THYMELTE"."T_DICT_TYPE" VALUES ('96962768984342528', NULL, NULL, NULL, NULL, '4', '交易成功', '96950073392365568', 'bill_status', '4');
INSERT INTO "THYMELTE"."T_DICT_TYPE" VALUES ('96963159130112000', NULL, NULL, NULL, NULL, '5', '交易关闭', '96950073392365568', 'bill_status', '5');
INSERT INTO "THYMELTE"."T_DICT_TYPE" VALUES ('96963562651516928', NULL, NULL, NULL, NULL, '6', '退款中', '96950073392365568', 'bill_status', '6');
INSERT INTO "THYMELTE"."T_DICT_TYPE" VALUES ('97357187684237312', NULL, NULL, NULL, NULL, '1', '充值', '97356870024429568', 'bill_type', '1');
INSERT INTO "THYMELTE"."T_DICT_TYPE" VALUES ('96964537789448192', NULL, NULL, NULL, NULL, '43', '发热', '95684503049076736', 'test', '1');
INSERT INTO "THYMELTE"."T_DICT_TYPE" VALUES ('96965184324632576', NULL, NULL, NULL, NULL, '3', '非人防', '95684503049076736', 'test', '1');
INSERT INTO "THYMELTE"."T_DICT_TYPE" VALUES ('96965451875090432', NULL, NULL, NULL, NULL, '44', '烦烦烦', '95684503049076736', 'test', '1');
INSERT INTO "THYMELTE"."T_DICT_TYPE" VALUES ('97354533956485120', NULL, NULL, NULL, NULL, '3', '3', '95684503049076736', 'test', '3');
INSERT INTO "THYMELTE"."T_DICT_TYPE" VALUES ('97366040169676800', NULL, NULL, NULL, NULL, 'alipay', '支付宝', '97365554750291968', 'payment_type', '1');
INSERT INTO "THYMELTE"."T_DICT_TYPE" VALUES ('97366110180999168', NULL, NULL, NULL, NULL, 'wxpay', '微信', '97365554750291968', 'payment_type', '2');
INSERT INTO "THYMELTE"."T_DICT_TYPE" VALUES ('97536125287006208', NULL, NULL, NULL, NULL, '1', '产品消息', '97535843673047040', 'msg_type', '1');
INSERT INTO "THYMELTE"."T_DICT_TYPE" VALUES ('97536221990879232', NULL, NULL, NULL, NULL, '2', '安全消息', '97535843673047040', 'msg_type', '2');
INSERT INTO "THYMELTE"."T_DICT_TYPE" VALUES ('97536285903683584', NULL, NULL, NULL, NULL, '3', '服务消息', '97535843673047040', 'msg_type', '3');
INSERT INTO "THYMELTE"."T_DICT_TYPE" VALUES ('97536343411785728', NULL, NULL, NULL, NULL, '4', '活动消息', '97535843673047040', 'msg_type', '4');
INSERT INTO "THYMELTE"."T_DICT_TYPE" VALUES ('97536415625117696', NULL, NULL, NULL, NULL, '5', '历史消息', '97535843673047040', 'msg_type', '5');
INSERT INTO "THYMELTE"."T_DICT_TYPE" VALUES ('97536494998126592', NULL, NULL, NULL, NULL, '6', '故障消息', '97535843673047040', 'msg_type', '6');
INSERT INTO "THYMELTE"."T_DICT_TYPE" VALUES ('99136468701675520', NULL, NULL, NULL, NULL, '1', 'banner', '99135515659337728', 'news_type', '1');
INSERT INTO "THYMELTE"."T_DICT_TYPE" VALUES ('106065464517459968', NULL, NULL, NULL, NULL, 'easyui-calendar', 'easyui-calendar', '99135515659337729', 'easyui_component', NULL);
INSERT INTO "THYMELTE"."T_DICT_TYPE" VALUES ('106065623204757504', NULL, NULL, NULL, NULL, 'easyui-checkbox', 'easyui-checkbox', '99135515659337729', 'easyui_component', NULL);
INSERT INTO "THYMELTE"."T_DICT_TYPE" VALUES ('106065824678150144', NULL, NULL, NULL, NULL, 'easyui-combobox', 'easyui-combobox', '99135515659337729', 'easyui_component', NULL);
INSERT INTO "THYMELTE"."T_DICT_TYPE" VALUES ('106065929544138752', NULL, NULL, NULL, NULL, 'easyui-datebox', 'easyui-datebox', '99135515659337729', 'easyui_component', NULL);
INSERT INTO "THYMELTE"."T_DICT_TYPE" VALUES ('106066093541425152', NULL, NULL, NULL, NULL, 'easyui-datetimebox', 'easyui-datetimebox', '99135515659337729', 'easyui_component', NULL);
INSERT INTO "THYMELTE"."T_DICT_TYPE" VALUES ('106066157286457344', NULL, NULL, NULL, NULL, 'easyui-textbox', 'easyui-textbox', '99135515659337729', 'easyui_component', NULL);
INSERT INTO "THYMELTE"."T_DICT_TYPE" VALUES ('106066363230978048', NULL, NULL, NULL, NULL, 'easyui-datetimespinner', 'easyui-datetimespinner', '99135515659337729', 'easyui_component', NULL);
INSERT INTO "THYMELTE"."T_DICT_TYPE" VALUES ('106066513508696064', NULL, NULL, NULL, NULL, 'easyui-filebox', 'easyui-filebox', '99135515659337729', 'easyui_component', NULL);
INSERT INTO "THYMELTE"."T_DICT_TYPE" VALUES ('106066710796173312', NULL, NULL, NULL, NULL, 'easyui-maskedbox', 'easyui-maskedbox', '99135515659337729', 'easyui_component', NULL);
INSERT INTO "THYMELTE"."T_DICT_TYPE" VALUES ('106066824096907264', NULL, NULL, NULL, NULL, 'easyui-numberbox', 'easyui-numberbox', '99135515659337729', 'easyui_component', NULL);
INSERT INTO "THYMELTE"."T_DICT_TYPE" VALUES ('106066986638770176', NULL, NULL, NULL, NULL, 'easyui-numberspinner', 'easyui-numberspinner', '99135515659337729', 'easyui_component', NULL);
INSERT INTO "THYMELTE"."T_DICT_TYPE" VALUES ('106067095950721024', NULL, NULL, NULL, NULL, 'easyui-passwordbox', 'easyui-passwordbox', '99135515659337729', 'easyui_component', NULL);
INSERT INTO "THYMELTE"."T_DICT_TYPE" VALUES ('106067188607090688', NULL, NULL, NULL, NULL, 'easyui-searchbox', 'easyui-searchbox', '99135515659337729', 'easyui_component', NULL);
INSERT INTO "THYMELTE"."T_DICT_TYPE" VALUES ('106067282467225600', NULL, NULL, NULL, NULL, 'easyui-slider', 'easyui-slider', '99135515659337729', 'easyui_component', NULL);
INSERT INTO "THYMELTE"."T_DICT_TYPE" VALUES ('106067385764544512', NULL, NULL, NULL, NULL, 'easyui-switchbutton', 'easyui-switchbutton', '99135515659337729', 'easyui_component', NULL);
INSERT INTO "THYMELTE"."T_DICT_TYPE" VALUES ('106067475187105792', NULL, NULL, NULL, NULL, 'easyui-radiobutton', 'easyui-radiobutton', '99135515659337729', 'easyui_component', NULL);
INSERT INTO "THYMELTE"."T_DICT_TYPE" VALUES ('106067650790031360', NULL, NULL, NULL, NULL, 'easyui-tagbox', 'easyui-tagbox', '99135515659337729', 'easyui_component', NULL);
INSERT INTO "THYMELTE"."T_DICT_TYPE" VALUES ('106067812547559424', NULL, NULL, NULL, NULL, 'easyui-timespinner', 'easyui-timespinner', '99135515659337729', 'easyui_component', NULL);
INSERT INTO "THYMELTE"."T_DICT_TYPE" VALUES ('106069021484384256', NULL, NULL, NULL, NULL, 'easyui-validatebox', 'easyui-validatebox', '99135515659337729', 'easyui_component', NULL);
INSERT INTO "THYMELTE"."T_DICT_TYPE" VALUES ('106350652392734720', NULL, NULL, NULL, NULL, 'image', '图片', '99135515659337729', 'easyui_component', NULL);
INSERT INTO "THYMELTE"."T_DICT_TYPE" VALUES ('106351861832876032', NULL, NULL, NULL, NULL, 'rich_text', '富文本', '99135515659337729', 'easyui_component', '1');
INSERT INTO "THYMELTE"."T_DICT_TYPE" VALUES ('106353594952843264', NULL, NULL, NULL, NULL, 't:select', 't:select', '99135515659337729', 'easyui_component', NULL);
INSERT INTO "THYMELTE"."T_DICT_TYPE" VALUES ('106353713701978112', NULL, NULL, NULL, NULL, 't:dict', 't:dict', '99135515659337729', 'easyui_component', NULL);
INSERT INTO "THYMELTE"."T_DICT_TYPE" VALUES ('108265713587716096', NULL, NULL, NULL, NULL, '1', 'on', '108265224984854528', 'job_status', '1');
INSERT INTO "THYMELTE"."T_DICT_TYPE" VALUES ('108265787696873472', NULL, NULL, NULL, NULL, '0', 'off', '108265224984854528', 'job_status', '2');
INSERT INTO "THYMELTE"."T_DICT_TYPE" VALUES ('113787304258043904', NULL, NULL, NULL, NULL, '1', '草稿', '113787027396231168', 'news_status', '1');
INSERT INTO "THYMELTE"."T_DICT_TYPE" VALUES ('113787421593698304', NULL, NULL, NULL, NULL, '2', '发布', '113787027396231168', 'news_status', '2');
INSERT INTO "THYMELTE"."T_DICT_TYPE" VALUES ('119131930154237952', NULL, NULL, NULL, NULL, 'true', '有效', '113787027396231169', 'enabled_status', '1');
INSERT INTO "THYMELTE"."T_DICT_TYPE" VALUES ('119132047645081600', NULL, NULL, NULL, NULL, 'false', '无效', '113787027396231169', 'enabled_status', '2');

-- ----------------------------
-- Table structure for T_DICT_TYPE_GROUP
-- ----------------------------
DROP TABLE "THYMELTE"."T_DICT_TYPE_GROUP";
CREATE TABLE "THYMELTE"."T_DICT_TYPE_GROUP" (
  "ID" NUMBER(38) NOT NULL ,
  "CREATE_BY" NUMBER(38) ,
  "CREATE_DATE" DATE ,
  "UPDATE_BY" NUMBER(38) ,
  "UPDATE_DATE" DATE ,
  "TYPE_GROUP_CODE" VARCHAR2(255 BYTE) ,
  "TYPE_GROUP_NAME" VARCHAR2(255 BYTE)
)
TABLESPACE "THYMELTE"
LOGGING
NOCOMPRESS
PCTFREE 10
INITRANS 1
STORAGE (
  INITIAL 65536
  MINEXTENTS 1
  MAXEXTENTS 2147483645
  BUFFER_POOL DEFAULT
)
PARALLEL 1
NOCACHE
DISABLE ROW MOVEMENT
;

-- ----------------------------
-- Records of T_DICT_TYPE_GROUP
-- ----------------------------
INSERT INTO "THYMELTE"."T_DICT_TYPE_GROUP" VALUES ('1', NULL, NULL, NULL, NULL, 'login_type', '登录方式');
INSERT INTO "THYMELTE"."T_DICT_TYPE_GROUP" VALUES ('2', NULL, NULL, NULL, NULL, 'status', '状态');
INSERT INTO "THYMELTE"."T_DICT_TYPE_GROUP" VALUES ('3', NULL, NULL, NULL, NULL, 'role_type', '角色种类');
INSERT INTO "THYMELTE"."T_DICT_TYPE_GROUP" VALUES ('4', NULL, NULL, NULL, NULL, 'sex_type', '性别');
INSERT INTO "THYMELTE"."T_DICT_TYPE_GROUP" VALUES ('5', NULL, NULL, NULL, NULL, 'login_status', '登录状态');
INSERT INTO "THYMELTE"."T_DICT_TYPE_GROUP" VALUES ('6', NULL, NULL, NULL, NULL, 'alarm_clock_status', '闹钟状态');
INSERT INTO "THYMELTE"."T_DICT_TYPE_GROUP" VALUES ('7', NULL, NULL, NULL, NULL, 'menu_type', '菜单类型');
INSERT INTO "THYMELTE"."T_DICT_TYPE_GROUP" VALUES ('96950073392365568', NULL, NULL, NULL, NULL, 'bill_status', '订单状态');
INSERT INTO "THYMELTE"."T_DICT_TYPE_GROUP" VALUES ('97356870024429568', NULL, NULL, NULL, NULL, 'bill_type', '账单类型');
INSERT INTO "THYMELTE"."T_DICT_TYPE_GROUP" VALUES ('97365554750291968', NULL, NULL, NULL, NULL, 'payment_type', '支付方式');
INSERT INTO "THYMELTE"."T_DICT_TYPE_GROUP" VALUES ('97535843673047040', NULL, NULL, NULL, NULL, 'msg_type', '消息类型');
INSERT INTO "THYMELTE"."T_DICT_TYPE_GROUP" VALUES ('99135515659337728', NULL, NULL, NULL, NULL, 'news_type', '新闻类型');
INSERT INTO "THYMELTE"."T_DICT_TYPE_GROUP" VALUES ('99135515659337729', NULL, NULL, NULL, NULL, 'easyui_component', 'EasyUI组件');
INSERT INTO "THYMELTE"."T_DICT_TYPE_GROUP" VALUES ('108265224984854528', NULL, NULL, NULL, NULL, 'job_status', 'job状态');
INSERT INTO "THYMELTE"."T_DICT_TYPE_GROUP" VALUES ('113787027396231168', NULL, NULL, NULL, NULL, 'news_status', '新闻状态');
INSERT INTO "THYMELTE"."T_DICT_TYPE_GROUP" VALUES ('113787027396231169', NULL, NULL, NULL, NULL, 'enabled_status', '有效状态');

-- ----------------------------
-- Table structure for T_LOG_LOGIN
-- ----------------------------
DROP TABLE "THYMELTE"."T_LOG_LOGIN";
CREATE TABLE "THYMELTE"."T_LOG_LOGIN" (
  "ID" NUMBER(38) NOT NULL ,
  "CREATE_BY" NUMBER(38) ,
  "CREATE_DATE" DATE ,
  "UPDATE_BY" NUMBER(38) ,
  "UPDATE_DATE" DATE ,
  "CREATE_TIME" DATE ,
  "IP" VARCHAR2(255 BYTE) ,
  "USERNAME" VARCHAR2(255 BYTE)
)
TABLESPACE "THYMELTE"
LOGGING
NOCOMPRESS
PCTFREE 10
INITRANS 1
STORAGE (
  INITIAL 65536
  MINEXTENTS 1
  MAXEXTENTS 2147483645
  BUFFER_POOL DEFAULT
)
PARALLEL 1
NOCACHE
DISABLE ROW MOVEMENT
;

-- ----------------------------
-- Table structure for T_NEWS_INFO
-- ----------------------------
DROP TABLE "THYMELTE"."T_NEWS_INFO";
CREATE TABLE "THYMELTE"."T_NEWS_INFO" (
  "ID" NUMBER(38) NOT NULL ,
  "CREATE_BY" NUMBER(38) ,
  "CREATE_DATE" DATE ,
  "UPDATE_BY" NUMBER(38) ,
  "UPDATE_DATE" DATE ,
  "TITLE" VARCHAR2(255 BYTE) ,
  "USER_ID" NUMBER(38) ,
  "STATUS" NUMBER ,
  "CONTENT" VARCHAR2(1024 BYTE) ,
  "IMAGE_URL" VARCHAR2(255 BYTE) ,
  "PUBLISH_DATE" DATE ,
  "TAGS" VARCHAR2(255 BYTE)
)
TABLESPACE "THYMELTE"
LOGGING
NOCOMPRESS
PCTFREE 10
INITRANS 1
STORAGE (
  INITIAL 65536
  MINEXTENTS 1
  MAXEXTENTS 2147483645
  BUFFER_POOL DEFAULT
)
PARALLEL 1
NOCACHE
DISABLE ROW MOVEMENT
;

-- ----------------------------
-- Table structure for T_NEWS_TAG
-- ----------------------------
DROP TABLE "THYMELTE"."T_NEWS_TAG";
CREATE TABLE "THYMELTE"."T_NEWS_TAG" (
  "ID" NUMBER(38) NOT NULL ,
  "CREATE_BY" NUMBER(38) ,
  "CREATE_DATE" DATE ,
  "UPDATE_BY" NUMBER(38) ,
  "UPDATE_DATE" DATE ,
  "NEWS_INFO_ID" NUMBER(38) ,
  "TAG_ID" NUMBER(38)
)
TABLESPACE "THYMELTE"
LOGGING
NOCOMPRESS
PCTFREE 10
INITRANS 1
STORAGE (
  INITIAL 65536
  MINEXTENTS 1
  MAXEXTENTS 2147483645
  BUFFER_POOL DEFAULT
)
PARALLEL 1
NOCACHE
DISABLE ROW MOVEMENT
;

-- ----------------------------
-- Table structure for T_NOTICE_MSG
-- ----------------------------
DROP TABLE "THYMELTE"."T_NOTICE_MSG";
CREATE TABLE "THYMELTE"."T_NOTICE_MSG" (
  "ID" NUMBER(38) NOT NULL ,
  "CREATE_BY" NUMBER(38) ,
  "CREATE_DATE" DATE ,
  "UPDATE_BY" NUMBER(38) ,
  "UPDATE_DATE" DATE ,
  "USER_ID" NUMBER(38) ,
  "MSG_TYPE" NUMBER(8) ,
  "CONTENT" CLOB ,
  "IS_READ" CHAR(1 BYTE)
)
TABLESPACE "THYMELTE"
LOGGING
NOCOMPRESS
PCTFREE 10
INITRANS 1
STORAGE (
  INITIAL 65536
  MINEXTENTS 1
  MAXEXTENTS 2147483645
  BUFFER_POOL DEFAULT
)
PARALLEL 1
NOCACHE
DISABLE ROW MOVEMENT
;

-- ----------------------------
-- Table structure for T_QR_CODE
-- ----------------------------
DROP TABLE "THYMELTE"."T_QR_CODE";
CREATE TABLE "THYMELTE"."T_QR_CODE" (
  "ID" NUMBER(38) NOT NULL ,
  "CREATE_BY" NUMBER(38) ,
  "CREATE_DATE" DATE ,
  "UPDATE_BY" NUMBER(38) ,
  "UPDATE_DATE" DATE ,
  "IS_OK" CHAR(1 BYTE) ,
  "SID" VARCHAR2(255 BYTE) ,
  "TOKEN" VARCHAR2(255 BYTE) ,
  "USERNAME" VARCHAR2(255 BYTE)
)
TABLESPACE "THYMELTE"
LOGGING
NOCOMPRESS
PCTFREE 10
INITRANS 1
STORAGE (
  INITIAL 65536
  MINEXTENTS 1
  MAXEXTENTS 2147483645
  BUFFER_POOL DEFAULT
)
PARALLEL 1
NOCACHE
DISABLE ROW MOVEMENT
;

-- ----------------------------
-- Table structure for T_RESET_PWD_INFO
-- ----------------------------
DROP TABLE "THYMELTE"."T_RESET_PWD_INFO";
CREATE TABLE "THYMELTE"."T_RESET_PWD_INFO" (
  "ID" NUMBER(38) NOT NULL ,
  "CREATE_BY" NUMBER(38) ,
  "CREATE_DATE" DATE ,
  "UPDATE_BY" NUMBER(38) ,
  "UPDATE_DATE" DATE ,
  "EXPIRES_IN" DATE ,
  "SECRET_KEY" VARCHAR2(255 BYTE) ,
  "USER_ID" NUMBER(38) ,
  "VALID" CHAR(1 BYTE) NOT NULL
)
TABLESPACE "THYMELTE"
LOGGING
NOCOMPRESS
PCTFREE 10
INITRANS 1
STORAGE (
  INITIAL 65536
  MINEXTENTS 1
  MAXEXTENTS 2147483645
  BUFFER_POOL DEFAULT
)
PARALLEL 1
NOCACHE
DISABLE ROW MOVEMENT
;

-- ----------------------------
-- Table structure for T_SIDE_MENU
-- ----------------------------
DROP TABLE "THYMELTE"."T_SIDE_MENU";
CREATE TABLE "THYMELTE"."T_SIDE_MENU" (
  "ID" NUMBER(38) NOT NULL ,
  "CREATE_BY" NUMBER(38) ,
  "CREATE_DATE" DATE ,
  "UPDATE_BY" NUMBER(38) ,
  "UPDATE_DATE" DATE ,
  "NAME" VARCHAR2(255 BYTE) ,
  "URL" VARCHAR2(255 BYTE) ,
  "REQUEST_METHOD" VARCHAR2(25 BYTE) ,
  "ICON" VARCHAR2(255 BYTE) ,
  "PID" NUMBER(38) ,
  "ORDER_NUM" NUMBER(4) ,
  "SHOW_IN_MENU" CHAR(1 BYTE) ,
  "ENTITY_NAME" VARCHAR2(25 BYTE) ,
  "REMARK" VARCHAR2(25 BYTE) ,
  "LINK_ID" NUMBER(38)
)
TABLESPACE "THYMELTE"
LOGGING
NOCOMPRESS
PCTFREE 10
INITRANS 1
STORAGE (
  INITIAL 65536
  MINEXTENTS 1
  MAXEXTENTS 2147483645
  BUFFER_POOL DEFAULT
)
PARALLEL 1
NOCACHE
DISABLE ROW MOVEMENT
;

-- ----------------------------
-- Records of T_SIDE_MENU
-- ----------------------------
INSERT INTO "THYMELTE"."T_SIDE_MENU" VALUES ('119869773617172480', NULL, NULL, NULL, NULL, '删除', '/api/quartzJobs/ids', 'DELETE', NULL, '119869773415845888', '0', '0', 'QuartzJob', 'delete', NULL);
INSERT INTO "THYMELTE"."T_SIDE_MENU" VALUES ('12', NULL, NULL, NULL, NULL, '权限管理', '/api/authorities?easyui-list', '*', 'fa fa-users', '1', '4', '1', NULL, NULL, NULL);
INSERT INTO "THYMELTE"."T_SIDE_MENU" VALUES ('3', NULL, NULL, NULL, NULL, '数据字典', '/dictTypeGroups?easyui-list', '*', 'fa fa-book', '1', '5', '1', NULL, NULL, NULL);
INSERT INTO "THYMELTE"."T_SIDE_MENU" VALUES ('90997036798705664', NULL, NULL, NULL, NULL, 'druid', '/druid/index.html', '*', 'fa fa-cog', '90995059306004480', '3', '1', NULL, NULL, NULL);
INSERT INTO "THYMELTE"."T_SIDE_MENU" VALUES ('8', NULL, NULL, NULL, NULL, '菜单管理', '/sideMenus?easyui-list', '*', 'fa fa-list-ol', '1', '2', '1', NULL, NULL, NULL);
INSERT INTO "THYMELTE"."T_SIDE_MENU" VALUES ('94108390556434432', NULL, NULL, NULL, NULL, '了解OauthServer', '/easyui/home.html', '*', NULL, '94105929343041536', '1', '1', NULL, NULL, NULL);
INSERT INTO "THYMELTE"."T_SIDE_MENU" VALUES ('1', NULL, NULL, NULL, NULL, '系统管理', NULL, '*', 'fa fa-cog', '0', '2', '1', NULL, NULL, NULL);
INSERT INTO "THYMELTE"."T_SIDE_MENU" VALUES ('93126997827387392', NULL, NULL, NULL, NULL, '日志管理', '/api/loggingEvents?easyui-list', '*', 'fa fa-book', '90995059306004480', '4', '1', NULL, NULL, NULL);
INSERT INTO "THYMELTE"."T_SIDE_MENU" VALUES ('119869773600395264', NULL, NULL, NULL, NULL, '修改', '/api/quartzJobs/edit', 'GET,PATCH', NULL, '119869773415845888', '0', '0', 'QuartzJob', 'edit', NULL);
INSERT INTO "THYMELTE"."T_SIDE_MENU" VALUES ('80832133433655296', NULL, NULL, NULL, NULL, '代码生成', '/tables?easyui-list', '*', 'fa fa-table', '90995059306004480', '1', '1', NULL, NULL, NULL);
INSERT INTO "THYMELTE"."T_SIDE_MENU" VALUES ('90995059306004480', NULL, NULL, NULL, NULL, '系统工具', NULL, '*', 'fa fa-user', '0', '3', '1', NULL, NULL, NULL);
INSERT INTO "THYMELTE"."T_SIDE_MENU" VALUES ('90995810619097088', NULL, NULL, NULL, NULL, 'swagger', '/swagger-ui.html', '*', 'fa fa-cog', '90995059306004480', '2', '1', NULL, NULL, NULL);
INSERT INTO "THYMELTE"."T_SIDE_MENU" VALUES ('94105929343041536', NULL, NULL, NULL, NULL, '主页', NULL, '*', 'fa fa-home', '0', '1', '1', NULL, NULL, NULL);
INSERT INTO "THYMELTE"."T_SIDE_MENU" VALUES ('119869773587812352', NULL, NULL, NULL, NULL, '新增', '/api/quartzJobs/add', 'GET,POST', NULL, '119869773415845888', '0', '0', 'QuartzJob', 'add', NULL);
INSERT INTO "THYMELTE"."T_SIDE_MENU" VALUES ('118471356282179584', NULL, NULL, NULL, NULL, '删除', '/api/newsInfos/ids', 'DELETE', NULL, '118471356118601728', '0', '0', 'NewsInfo', 'delete', NULL);
INSERT INTO "THYMELTE"."T_SIDE_MENU" VALUES ('118471356265402368', NULL, NULL, NULL, NULL, '修改', '/api/newsInfos/edit', 'GET,PATCH', NULL, '118471356118601728', '0', '0', 'NewsInfo', 'edit', NULL);
INSERT INTO "THYMELTE"."T_SIDE_MENU" VALUES ('118471356248625152', NULL, NULL, NULL, NULL, '新增', '/api/newsInfos/add', 'GET,POST', NULL, '118471356118601728', '0', '0', 'NewsInfo', 'add', NULL);
INSERT INTO "THYMELTE"."T_SIDE_MENU" VALUES ('118471356227653632', NULL, NULL, NULL, NULL, '查看', '/api/newsInfos/data', 'GET', NULL, '118471356118601728', '0', '0', 'NewsInfo', 'data', '118471356118601728');
INSERT INTO "THYMELTE"."T_SIDE_MENU" VALUES ('118471356118601728', NULL, NULL, NULL, NULL, '新闻管理', '/api/newsInfos/list', 'GET', NULL, '94105929343041536', '0', '1', 'NewsInfo', 'list', NULL);
INSERT INTO "THYMELTE"."T_SIDE_MENU" VALUES ('107876685461848070', NULL, NULL, NULL, NULL, '角色管理', '/api/roleAuthorities/list', 'GET', 'fa fa-user', '1', '6', '1', NULL, NULL, NULL);
INSERT INTO "THYMELTE"."T_SIDE_MENU" VALUES ('107876685461848071', NULL, NULL, NULL, NULL, '订单管理', '/api/bills?easyui-list', '*', 'fa fa-usd', '94105929343041536', '3', '1', NULL, NULL, NULL);
INSERT INTO "THYMELTE"."T_SIDE_MENU" VALUES ('119869773415845888', NULL, NULL, NULL, NULL, '任务管理', '/api/quartzJobs/list', 'GET', 'fa fa-list-ul', '1', '0', '1', 'QuartzJob', 'list', NULL);
INSERT INTO "THYMELTE"."T_SIDE_MENU" VALUES ('119494224726069248', NULL, NULL, NULL, NULL, '删除', '/api/oauthUsers/ids', 'DELETE', NULL, '119494224361164800', '0', '0', 'OauthUser', 'delete', NULL);
INSERT INTO "THYMELTE"."T_SIDE_MENU" VALUES ('119869773566840832', NULL, NULL, NULL, NULL, '查看', '/api/quartzJobs/data', 'GET', NULL, '119869773415845888', '0', '0', 'QuartzJob', 'data', '119869773415845888');
INSERT INTO "THYMELTE"."T_SIDE_MENU" VALUES ('119494224713486336', NULL, NULL, NULL, NULL, '修改', '/api/oauthUsers/edit', 'GET,PATCH', NULL, '119494224361164800', '0', '0', 'OauthUser', 'edit', NULL);
INSERT INTO "THYMELTE"."T_SIDE_MENU" VALUES ('119494224361164800', NULL, NULL, NULL, NULL, '用户管理', '/api/oauthUsers/list', 'GET', NULL, '94105929343041536', '0', '1', 'OauthUser', 'list', NULL);
INSERT INTO "THYMELTE"."T_SIDE_MENU" VALUES ('119494224675737600', NULL, NULL, NULL, NULL, '查看', '/api/oauthUsers/data', 'GET', NULL, '119494224361164800', '0', '0', 'OauthUser', 'data', '119494224361164800');
INSERT INTO "THYMELTE"."T_SIDE_MENU" VALUES ('119494224700903424', NULL, NULL, NULL, NULL, '新增', '/api/oauthUsers/add', 'GET,POST', NULL, '119494224361164800', '0', '0', 'OauthUser', 'add', NULL);

-- ----------------------------
-- Table structure for T_SIDE_MENU_AUTHORITY
-- ----------------------------
DROP TABLE "THYMELTE"."T_SIDE_MENU_AUTHORITY";
CREATE TABLE "THYMELTE"."T_SIDE_MENU_AUTHORITY" (
  "ID" NUMBER(38) NOT NULL ,
  "CREATE_BY" NUMBER(38) ,
  "CREATE_DATE" DATE ,
  "UPDATE_BY" NUMBER(38) ,
  "UPDATE_DATE" DATE ,
  "SIDE_MENU_ID" NUMBER(38) ,
  "AUTHORITY" VARCHAR2(50 BYTE)
)
TABLESPACE "THYMELTE"
LOGGING
NOCOMPRESS
PCTFREE 10
INITRANS 1
STORAGE (
  INITIAL 65536
  MINEXTENTS 1
  MAXEXTENTS 2147483645
  BUFFER_POOL DEFAULT
)
PARALLEL 1
NOCACHE
DISABLE ROW MOVEMENT
;

-- ----------------------------
-- Records of T_SIDE_MENU_AUTHORITY
-- ----------------------------
INSERT INTO "THYMELTE"."T_SIDE_MENU_AUTHORITY" VALUES ('119869773688475709', NULL, NULL, NULL, NULL, '93126997827387392', 'ROLE_ADMIN');
INSERT INTO "THYMELTE"."T_SIDE_MENU_AUTHORITY" VALUES ('119869773688475708', NULL, NULL, NULL, NULL, '90997036798705664', 'ROLE_ADMIN');
INSERT INTO "THYMELTE"."T_SIDE_MENU_AUTHORITY" VALUES ('119869773688475707', NULL, NULL, NULL, NULL, '90995810619097088', 'ROLE_ADMIN');
INSERT INTO "THYMELTE"."T_SIDE_MENU_AUTHORITY" VALUES ('119869773688475706', NULL, NULL, NULL, NULL, '80832133433655296', 'ROLE_ADMIN');
INSERT INTO "THYMELTE"."T_SIDE_MENU_AUTHORITY" VALUES ('119869773688475705', NULL, NULL, NULL, NULL, '90995059306004480', 'ROLE_ADMIN');
INSERT INTO "THYMELTE"."T_SIDE_MENU_AUTHORITY" VALUES ('119869773688475704', NULL, NULL, NULL, NULL, '107876685461848070', 'ROLE_ADMIN');
INSERT INTO "THYMELTE"."T_SIDE_MENU_AUTHORITY" VALUES ('119869773688475703', NULL, NULL, NULL, NULL, '3', 'ROLE_ADMIN');
INSERT INTO "THYMELTE"."T_SIDE_MENU_AUTHORITY" VALUES ('119869773688475702', NULL, NULL, NULL, NULL, '12', 'ROLE_ADMIN');
INSERT INTO "THYMELTE"."T_SIDE_MENU_AUTHORITY" VALUES ('119869773688475701', NULL, NULL, NULL, NULL, '8', 'ROLE_ADMIN');
INSERT INTO "THYMELTE"."T_SIDE_MENU_AUTHORITY" VALUES ('119869773688475700', NULL, NULL, NULL, NULL, '107876685461848071', 'ROLE_ADMIN');
INSERT INTO "THYMELTE"."T_SIDE_MENU_AUTHORITY" VALUES ('119869773688475699', NULL, NULL, NULL, NULL, '94108390556434432', 'ROLE_ADMIN');
INSERT INTO "THYMELTE"."T_SIDE_MENU_AUTHORITY" VALUES ('119869773688475740', NULL, NULL, NULL, NULL, '93126997827387392', 'ROLE_SU');
INSERT INTO "THYMELTE"."T_SIDE_MENU_AUTHORITY" VALUES ('119869773688475738', NULL, NULL, NULL, NULL, '90995810619097088', 'ROLE_SU');
INSERT INTO "THYMELTE"."T_SIDE_MENU_AUTHORITY" VALUES ('119869773688475739', NULL, NULL, NULL, NULL, '90997036798705664', 'ROLE_SU');
INSERT INTO "THYMELTE"."T_SIDE_MENU_AUTHORITY" VALUES ('119869773688475736', NULL, NULL, NULL, NULL, '90995059306004480', 'ROLE_SU');
INSERT INTO "THYMELTE"."T_SIDE_MENU_AUTHORITY" VALUES ('119869773688475737', NULL, NULL, NULL, NULL, '80832133433655296', 'ROLE_SU');
INSERT INTO "THYMELTE"."T_SIDE_MENU_AUTHORITY" VALUES ('119869773688475732', NULL, NULL, NULL, NULL, '8', 'ROLE_SU');
INSERT INTO "THYMELTE"."T_SIDE_MENU_AUTHORITY" VALUES ('119869773688475733', NULL, NULL, NULL, NULL, '12', 'ROLE_SU');
INSERT INTO "THYMELTE"."T_SIDE_MENU_AUTHORITY" VALUES ('119869773688475734', NULL, NULL, NULL, NULL, '3', 'ROLE_SU');
INSERT INTO "THYMELTE"."T_SIDE_MENU_AUTHORITY" VALUES ('119869773688475735', NULL, NULL, NULL, NULL, '107876685461848070', 'ROLE_SU');
INSERT INTO "THYMELTE"."T_SIDE_MENU_AUTHORITY" VALUES ('119869773688475698', NULL, NULL, NULL, NULL, '119869773617172480', 'ROLE_USER');
INSERT INTO "THYMELTE"."T_SIDE_MENU_AUTHORITY" VALUES ('119869773688475696', NULL, NULL, NULL, NULL, '119869773587812352', 'ROLE_USER');
INSERT INTO "THYMELTE"."T_SIDE_MENU_AUTHORITY" VALUES ('119869773688475697', NULL, NULL, NULL, NULL, '119869773600395264', 'ROLE_USER');
INSERT INTO "THYMELTE"."T_SIDE_MENU_AUTHORITY" VALUES ('119869773688475695', NULL, NULL, NULL, NULL, '119869773415845888', 'ROLE_USER');
INSERT INTO "THYMELTE"."T_SIDE_MENU_AUTHORITY" VALUES ('119869773688475694', NULL, NULL, NULL, NULL, '119869773566840832', 'ROLE_USER');
INSERT INTO "THYMELTE"."T_SIDE_MENU_AUTHORITY" VALUES ('119869773688475692', NULL, NULL, NULL, NULL, '119494224726069248', 'ROLE_USER');
INSERT INTO "THYMELTE"."T_SIDE_MENU_AUTHORITY" VALUES ('119869773688475693', NULL, NULL, NULL, NULL, '119869773415845888', 'ROLE_USER');
INSERT INTO "THYMELTE"."T_SIDE_MENU_AUTHORITY" VALUES ('119869773688475691', NULL, NULL, NULL, NULL, '119494224713486336', 'ROLE_USER');
INSERT INTO "THYMELTE"."T_SIDE_MENU_AUTHORITY" VALUES ('119869773688475690', NULL, NULL, NULL, NULL, '119494224700903424', 'ROLE_USER');
INSERT INTO "THYMELTE"."T_SIDE_MENU_AUTHORITY" VALUES ('119869773688475689', NULL, NULL, NULL, NULL, '119494224361164800', 'ROLE_USER');
INSERT INTO "THYMELTE"."T_SIDE_MENU_AUTHORITY" VALUES ('119869773688475688', NULL, NULL, NULL, NULL, '119494224675737600', 'ROLE_USER');
INSERT INTO "THYMELTE"."T_SIDE_MENU_AUTHORITY" VALUES ('119869773688475687', NULL, NULL, NULL, NULL, '119494224361164800', 'ROLE_USER');
INSERT INTO "THYMELTE"."T_SIDE_MENU_AUTHORITY" VALUES ('119869773688475731', NULL, NULL, NULL, NULL, '119869773617172480', 'ROLE_SU');
INSERT INTO "THYMELTE"."T_SIDE_MENU_AUTHORITY" VALUES ('119869773688475730', NULL, NULL, NULL, NULL, '119869773600395264', 'ROLE_SU');
INSERT INTO "THYMELTE"."T_SIDE_MENU_AUTHORITY" VALUES ('119869773688475729', NULL, NULL, NULL, NULL, '119869773587812352', 'ROLE_SU');
INSERT INTO "THYMELTE"."T_SIDE_MENU_AUTHORITY" VALUES ('119869773688475728', NULL, NULL, NULL, NULL, '119869773415845888', 'ROLE_SU');
INSERT INTO "THYMELTE"."T_SIDE_MENU_AUTHORITY" VALUES ('119869773688475727', NULL, NULL, NULL, NULL, '119869773566840832', 'ROLE_SU');
INSERT INTO "THYMELTE"."T_SIDE_MENU_AUTHORITY" VALUES ('119869773688475726', NULL, NULL, NULL, NULL, '119869773415845888', 'ROLE_SU');
INSERT INTO "THYMELTE"."T_SIDE_MENU_AUTHORITY" VALUES ('119869773688475725', NULL, NULL, NULL, NULL, '1', 'ROLE_SU');
INSERT INTO "THYMELTE"."T_SIDE_MENU_AUTHORITY" VALUES ('119869773688475724', NULL, NULL, NULL, NULL, '107876685461848071', 'ROLE_SU');
INSERT INTO "THYMELTE"."T_SIDE_MENU_AUTHORITY" VALUES ('119869773688475723', NULL, NULL, NULL, NULL, '94108390556434432', 'ROLE_SU');
INSERT INTO "THYMELTE"."T_SIDE_MENU_AUTHORITY" VALUES ('119869773688475722', NULL, NULL, NULL, NULL, '119494224726069248', 'ROLE_SU');
INSERT INTO "THYMELTE"."T_SIDE_MENU_AUTHORITY" VALUES ('119869773688475686', NULL, NULL, NULL, NULL, '118471356282179584', 'ROLE_USER');
INSERT INTO "THYMELTE"."T_SIDE_MENU_AUTHORITY" VALUES ('119869773688475721', NULL, NULL, NULL, NULL, '119494224713486336', 'ROLE_SU');
INSERT INTO "THYMELTE"."T_SIDE_MENU_AUTHORITY" VALUES ('119869773688475720', NULL, NULL, NULL, NULL, '119494224700903424', 'ROLE_SU');
INSERT INTO "THYMELTE"."T_SIDE_MENU_AUTHORITY" VALUES ('119869773688475719', NULL, NULL, NULL, NULL, '119494224361164800', 'ROLE_SU');
INSERT INTO "THYMELTE"."T_SIDE_MENU_AUTHORITY" VALUES ('119869773688475718', NULL, NULL, NULL, NULL, '119494224675737600', 'ROLE_SU');
INSERT INTO "THYMELTE"."T_SIDE_MENU_AUTHORITY" VALUES ('119869773688475717', NULL, NULL, NULL, NULL, '119494224361164800', 'ROLE_SU');
INSERT INTO "THYMELTE"."T_SIDE_MENU_AUTHORITY" VALUES ('119869773688475716', NULL, NULL, NULL, NULL, '118471356282179584', 'ROLE_SU');
INSERT INTO "THYMELTE"."T_SIDE_MENU_AUTHORITY" VALUES ('119869773688475685', NULL, NULL, NULL, NULL, '118471356265402368', 'ROLE_USER');
INSERT INTO "THYMELTE"."T_SIDE_MENU_AUTHORITY" VALUES ('119869773688475684', NULL, NULL, NULL, NULL, '118471356248625152', 'ROLE_USER');
INSERT INTO "THYMELTE"."T_SIDE_MENU_AUTHORITY" VALUES ('119869773688475683', NULL, NULL, NULL, NULL, '118471356118601728', 'ROLE_USER');
INSERT INTO "THYMELTE"."T_SIDE_MENU_AUTHORITY" VALUES ('119869773688475682', NULL, NULL, NULL, NULL, '118471356227653632', 'ROLE_USER');
INSERT INTO "THYMELTE"."T_SIDE_MENU_AUTHORITY" VALUES ('119869773688475681', NULL, NULL, NULL, NULL, '118471356118601728', 'ROLE_USER');
INSERT INTO "THYMELTE"."T_SIDE_MENU_AUTHORITY" VALUES ('119869773688475715', NULL, NULL, NULL, NULL, '118471356265402368', 'ROLE_SU');
INSERT INTO "THYMELTE"."T_SIDE_MENU_AUTHORITY" VALUES ('119869773688475714', NULL, NULL, NULL, NULL, '118471356248625152', 'ROLE_SU');
INSERT INTO "THYMELTE"."T_SIDE_MENU_AUTHORITY" VALUES ('119869773688475713', NULL, NULL, NULL, NULL, '118471356118601728', 'ROLE_SU');
INSERT INTO "THYMELTE"."T_SIDE_MENU_AUTHORITY" VALUES ('119869773688475712', NULL, NULL, NULL, NULL, '118471356227653632', 'ROLE_SU');
INSERT INTO "THYMELTE"."T_SIDE_MENU_AUTHORITY" VALUES ('119869773688475711', NULL, NULL, NULL, NULL, '118471356118601728', 'ROLE_SU');
INSERT INTO "THYMELTE"."T_SIDE_MENU_AUTHORITY" VALUES ('119869773688475710', NULL, NULL, NULL, NULL, '94105929343041536', 'ROLE_SU');

-- ----------------------------
-- Table structure for T_S_QUARTZ_JOB
-- ----------------------------
DROP TABLE "THYMELTE"."T_S_QUARTZ_JOB";
CREATE TABLE "THYMELTE"."T_S_QUARTZ_JOB" (
  "ID" NUMBER(38) NOT NULL ,
  "CREATE_BY" NUMBER(38) ,
  "CREATE_DATE" DATE ,
  "UPDATE_BY" NUMBER(38) ,
  "UPDATE_DATE" DATE ,
  "CRON_EXPRESSION" VARCHAR2(50 BYTE) ,
  "METHOD_NAME" VARCHAR2(255 BYTE) ,
  "IS_CONCURRENT" NUMBER(4) ,
  "DESCRIPTION" VARCHAR2(255 BYTE) ,
  "BEAN_NAME" VARCHAR2(255 BYTE) ,
  "TRIGGER_NAME" VARCHAR2(255 BYTE) ,
  "JOB_STATUS" NUMBER(4) ,
  "SPRING_BEAN" VARCHAR2(255 BYTE) ,
  "JOB_NAME" VARCHAR2(255 BYTE)
)
TABLESPACE "THYMELTE"
LOGGING
NOCOMPRESS
PCTFREE 10
INITRANS 1
STORAGE (
  INITIAL 65536
  MINEXTENTS 1
  MAXEXTENTS 2147483645
  BUFFER_POOL DEFAULT
)
PARALLEL 1
NOCACHE
DISABLE ROW MOVEMENT
;

-- ----------------------------
-- Records of T_S_QUARTZ_JOB
-- ----------------------------
INSERT INTO "THYMELTE"."T_S_QUARTZ_JOB" VALUES ('1', '1', TO_DATE('2019-03-18 13:36:03', 'SYYYY-MM-DD HH24:MI:SS'), '1000000000', TO_DATE('2019-03-18 13:36:59', 'SYYYY-MM-DD HH24:MI:SS'), '*/5 * * * * ?', 'execute', '0', '测试', 'com.simon.task.SampleTask', 'org.quartz.CronTrigger', '0', NULL, 'com.simon.task.SampleTask');

-- ----------------------------
-- Table structure for T_USERS
-- ----------------------------
DROP TABLE "THYMELTE"."T_USERS";
CREATE TABLE "THYMELTE"."T_USERS" (
  "ID" NUMBER(38) NOT NULL ,
  "CREATE_BY" NUMBER(38) ,
  "CREATE_DATE" DATE ,
  "UPDATE_BY" NUMBER(38) ,
  "UPDATE_DATE" DATE ,
  "USERNAME" VARCHAR2(255 BYTE) NOT NULL ,
  "PASSWORD" VARCHAR2(255 BYTE) NOT NULL ,
  "ENABLED" CHAR(1 BYTE) NOT NULL ,
  "AREA_CODE" VARCHAR2(25 BYTE) ,
  "PHONE" VARCHAR2(255 BYTE) DEFAULT NULL ,
  "EMAIL" VARCHAR2(255 BYTE) DEFAULT NULL ,
  "ALBUM_ID" NUMBER(38) ,
  "ADDRESS" VARCHAR2(255 BYTE) ,
  "AGE" NUMBER ,
  "BIRTH" DATE ,
  "HEAD_PHOTO" VARCHAR2(255 BYTE) ,
  "PERSON_BRIEF" VARCHAR2(255 BYTE) ,
  "SEX" CHAR(1 BYTE) ,
  "VISIT_CARD" VARCHAR2(255 BYTE) ,
  "LOGIN_TYPE" NUMBER(22) ,
  "LOGIN_STATUS" VARCHAR2(25 BYTE) ,
  "LOGIN_DATE" DATE
)
TABLESPACE "THYMELTE"
LOGGING
NOCOMPRESS
PCTFREE 10
INITRANS 1
STORAGE (
  INITIAL 65536
  MINEXTENTS 1
  MAXEXTENTS 2147483645
  BUFFER_POOL DEFAULT
)
PARALLEL 1
NOCACHE
DISABLE ROW MOVEMENT
;

-- ----------------------------
-- Records of T_USERS
-- ----------------------------
INSERT INTO "THYMELTE"."T_USERS" VALUES ('1000000000', NULL, NULL, NULL, NULL, 'jeesun', '$2a$11$t4akVchfgOv00XxB/ZKLlOmweUoL/Aed4CiJqQjaiRLZpBU3AWfxu', '1', '+86', '18800000000', '18800000000@163.com', NULL, NULL, NULL, NULL, NULL, NULL, NULL, NULL, NULL, NULL, NULL);
INSERT INTO "THYMELTE"."T_USERS" VALUES ('1000000001', NULL, NULL, NULL, NULL, 'user2711', '$2a$11$BUiKPp8.pcym7sxXYPvZeOjl0BOoVl3PZT.1Wfb3kmIgooO/GfQ4G', '1', '+86', '18800000001', '18800000001@163.com', NULL, NULL, NULL, NULL, NULL, NULL, NULL, NULL, NULL, NULL, NULL);
INSERT INTO "THYMELTE"."T_USERS" VALUES ('1000000002', NULL, NULL, NULL, NULL, 'user6745', '$2a$11$a7XDbu2RvLjZdr4kCvqh2u7gwVXhwxdauIzbX3ZizbBU.HeV8BOky', '1', '+86', '18800000002', '18800000002@163.com', NULL, NULL, NULL, NULL, NULL, NULL, NULL, NULL, NULL, NULL, NULL);

-- ----------------------------
-- Table structure for T_VERI_CODE
-- ----------------------------
DROP TABLE "THYMELTE"."T_VERI_CODE";
CREATE TABLE "THYMELTE"."T_VERI_CODE" (
  "ID" NUMBER(38) NOT NULL ,
  "CREATE_BY" NUMBER(38) ,
  "CREATE_DATE" DATE ,
  "UPDATE_BY" NUMBER(38) ,
  "UPDATE_DATE" DATE ,
  "CODE" NUMBER ,
  "CREATE_TIME" NUMBER ,
  "EXPIRES" NUMBER ,
  "PHONE" VARCHAR2(255 BYTE)
)
TABLESPACE "THYMELTE"
LOGGING
NOCOMPRESS
PCTFREE 10
INITRANS 1
STORAGE (
  INITIAL 65536
  MINEXTENTS 1
  MAXEXTENTS 2147483645
  BUFFER_POOL DEFAULT
)
PARALLEL 1
NOCACHE
DISABLE ROW MOVEMENT
;

-- ----------------------------
-- Sequence structure for ACCOUNT_BIND_ID_SEQ
-- ----------------------------
DROP SEQUENCE "THYMELTE"."ACCOUNT_BIND_ID_SEQ";
CREATE SEQUENCE "THYMELTE"."ACCOUNT_BIND_ID_SEQ" MINVALUE 1 MAXVALUE 999999999999999999999999999 INCREMENT BY 1 NOCACHE;

-- ----------------------------
-- Sequence structure for AUTHORITIES_ID_SEQ
-- ----------------------------
DROP SEQUENCE "THYMELTE"."AUTHORITIES_ID_SEQ";
CREATE SEQUENCE "THYMELTE"."AUTHORITIES_ID_SEQ" MINVALUE 1 MAXVALUE 999999999999999999999999999 INCREMENT BY 1 NOCACHE;

-- ----------------------------
-- Sequence structure for BILL_ID_SEQ
-- ----------------------------
DROP SEQUENCE "THYMELTE"."BILL_ID_SEQ";
CREATE SEQUENCE "THYMELTE"."BILL_ID_SEQ" MINVALUE 1 MAXVALUE 999999999999999999999999999 INCREMENT BY 1 NOCACHE;

-- ----------------------------
-- Sequence structure for DICT_TYPE_GROUP_ID_SEQ
-- ----------------------------
DROP SEQUENCE "THYMELTE"."DICT_TYPE_GROUP_ID_SEQ";
CREATE SEQUENCE "THYMELTE"."DICT_TYPE_GROUP_ID_SEQ" MINVALUE 1 MAXVALUE 999999999999999999999999999 INCREMENT BY 1 NOCACHE;

-- ----------------------------
-- Sequence structure for DICT_TYPE_ID_SEQ
-- ----------------------------
DROP SEQUENCE "THYMELTE"."DICT_TYPE_ID_SEQ";
CREATE SEQUENCE "THYMELTE"."DICT_TYPE_ID_SEQ" MINVALUE 1 MAXVALUE 999999999999999999999999999 INCREMENT BY 1 NOCACHE;

-- ----------------------------
-- Sequence structure for LOG_LOGIN_ID_SEQ
-- ----------------------------
DROP SEQUENCE "THYMELTE"."LOG_LOGIN_ID_SEQ";
CREATE SEQUENCE "THYMELTE"."LOG_LOGIN_ID_SEQ" MINVALUE 1 MAXVALUE 999999999999999999999999999 INCREMENT BY 1 NOCACHE;

-- ----------------------------
-- Sequence structure for NEWS_INFO_ID_SEQ
-- ----------------------------
DROP SEQUENCE "THYMELTE"."NEWS_INFO_ID_SEQ";
CREATE SEQUENCE "THYMELTE"."NEWS_INFO_ID_SEQ" MINVALUE 1 MAXVALUE 999999999999999999999999999 INCREMENT BY 1 NOCACHE;

-- ----------------------------
-- Sequence structure for NEWS_TAG_ID_SEQ
-- ----------------------------
DROP SEQUENCE "THYMELTE"."NEWS_TAG_ID_SEQ";
CREATE SEQUENCE "THYMELTE"."NEWS_TAG_ID_SEQ" MINVALUE 1 MAXVALUE 999999999999999999999999999 INCREMENT BY 1 NOCACHE;

-- ----------------------------
-- Sequence structure for NOTICE_MSG_ID_SEQ
-- ----------------------------
DROP SEQUENCE "THYMELTE"."NOTICE_MSG_ID_SEQ";
CREATE SEQUENCE "THYMELTE"."NOTICE_MSG_ID_SEQ" MINVALUE 1 MAXVALUE 999999999999999999999999999 INCREMENT BY 1 NOCACHE;

-- ----------------------------
-- Sequence structure for QR_CODE_ID_SEQ
-- ----------------------------
DROP SEQUENCE "THYMELTE"."QR_CODE_ID_SEQ";
CREATE SEQUENCE "THYMELTE"."QR_CODE_ID_SEQ" MINVALUE 1 MAXVALUE 999999999999999999999999999 INCREMENT BY 1 NOCACHE;

-- ----------------------------
-- Sequence structure for QUARTZ_JOB_ID_SEQ
-- ----------------------------
DROP SEQUENCE "THYMELTE"."QUARTZ_JOB_ID_SEQ";
CREATE SEQUENCE "THYMELTE"."QUARTZ_JOB_ID_SEQ" MINVALUE 1 MAXVALUE 999999999999999999999999999 INCREMENT BY 1 NOCACHE;

-- ----------------------------
-- Sequence structure for RESET_PWD_INFO_ID_SEQ
-- ----------------------------
DROP SEQUENCE "THYMELTE"."RESET_PWD_INFO_ID_SEQ";
CREATE SEQUENCE "THYMELTE"."RESET_PWD_INFO_ID_SEQ" MINVALUE 1 MAXVALUE 999999999999999999999999999 INCREMENT BY 1 NOCACHE;

-- ----------------------------
-- Sequence structure for SIDE_MENU_AUTHORITY_ID_SEQ
-- ----------------------------
DROP SEQUENCE "THYMELTE"."SIDE_MENU_AUTHORITY_ID_SEQ";
CREATE SEQUENCE "THYMELTE"."SIDE_MENU_AUTHORITY_ID_SEQ" MINVALUE 1 MAXVALUE 999999999999999999999999999 INCREMENT BY 1 NOCACHE;

-- ----------------------------
-- Sequence structure for SIDE_MENU_ID_SEQ
-- ----------------------------
DROP SEQUENCE "THYMELTE"."SIDE_MENU_ID_SEQ";
CREATE SEQUENCE "THYMELTE"."SIDE_MENU_ID_SEQ" MINVALUE 1 MAXVALUE 999999999999999999999999999 INCREMENT BY 1 NOCACHE;

-- ----------------------------
-- Sequence structure for USERS_ID_SEQ
-- ----------------------------
DROP SEQUENCE "THYMELTE"."USERS_ID_SEQ";
CREATE SEQUENCE "THYMELTE"."USERS_ID_SEQ" MINVALUE 1000000000 MAXVALUE 999999999999999999999999999 INCREMENT BY 1 NOCACHE;

-- ----------------------------
-- Sequence structure for VERI_CODE_ID_SEQ
-- ----------------------------
DROP SEQUENCE "THYMELTE"."VERI_CODE_ID_SEQ";
CREATE SEQUENCE "THYMELTE"."VERI_CODE_ID_SEQ" MINVALUE 1 MAXVALUE 999999999999999999999999999 INCREMENT BY 1 NOCACHE;

-- ----------------------------
-- Primary Key structure for table CLIENTDETAILS
-- ----------------------------
ALTER TABLE "THYMELTE"."CLIENTDETAILS" ADD CONSTRAINT "SYS_C0011566" PRIMARY KEY ("APPID");

-- ----------------------------
-- Primary Key structure for table LOGGING_EVENT
-- ----------------------------
ALTER TABLE "THYMELTE"."LOGGING_EVENT" ADD CONSTRAINT "SYS_C0011582" PRIMARY KEY ("EVENT_ID");

-- ----------------------------
-- Checks structure for table LOGGING_EVENT
-- ----------------------------
ALTER TABLE "THYMELTE"."LOGGING_EVENT" ADD CONSTRAINT "SYS_C0011574" CHECK ("TIMESTMP" IS NOT NULL) NOT DEFERRABLE INITIALLY IMMEDIATE NORELY VALIDATE;
ALTER TABLE "THYMELTE"."LOGGING_EVENT" ADD CONSTRAINT "SYS_C0011575" CHECK ("FORMATTED_MESSAGE" IS NOT NULL) NOT DEFERRABLE INITIALLY IMMEDIATE NORELY VALIDATE;
ALTER TABLE "THYMELTE"."LOGGING_EVENT" ADD CONSTRAINT "SYS_C0011576" CHECK ("LOGGER_NAME" IS NOT NULL) NOT DEFERRABLE INITIALLY IMMEDIATE NORELY VALIDATE;
ALTER TABLE "THYMELTE"."LOGGING_EVENT" ADD CONSTRAINT "SYS_C0011577" CHECK ("LEVEL_STRING" IS NOT NULL) NOT DEFERRABLE INITIALLY IMMEDIATE NORELY VALIDATE;
ALTER TABLE "THYMELTE"."LOGGING_EVENT" ADD CONSTRAINT "SYS_C0011578" CHECK ("CALLER_FILENAME" IS NOT NULL) NOT DEFERRABLE INITIALLY IMMEDIATE NORELY VALIDATE;
ALTER TABLE "THYMELTE"."LOGGING_EVENT" ADD CONSTRAINT "SYS_C0011579" CHECK ("CALLER_CLASS" IS NOT NULL) NOT DEFERRABLE INITIALLY IMMEDIATE NORELY VALIDATE;
ALTER TABLE "THYMELTE"."LOGGING_EVENT" ADD CONSTRAINT "SYS_C0011580" CHECK ("CALLER_METHOD" IS NOT NULL) NOT DEFERRABLE INITIALLY IMMEDIATE NORELY VALIDATE;
ALTER TABLE "THYMELTE"."LOGGING_EVENT" ADD CONSTRAINT "SYS_C0011581" CHECK ("CALLER_LINE" IS NOT NULL) NOT DEFERRABLE INITIALLY IMMEDIATE NORELY VALIDATE;

-- ----------------------------
-- Triggers structure for table LOGGING_EVENT
-- ----------------------------
CREATE TRIGGER "THYMELTE"."LOGGING_EVENT_ID_SEQ_TRIG" BEFORE INSERT ON "THYMELTE"."LOGGING_EVENT" REFERENCING OLD AS "OLD" NEW AS "NEW" FOR EACH ROW
BEGIN
    SELECT logging_event_id_seq.NEXTVAL
    INTO   :NEW.event_id
    FROM   DUAL;
  END;
/

-- ----------------------------
-- Primary Key structure for table LOGGING_EVENT_EXCEPTION
-- ----------------------------
ALTER TABLE "THYMELTE"."LOGGING_EVENT_EXCEPTION" ADD CONSTRAINT "SYS_C0011590" PRIMARY KEY ("EVENT_ID", "I");

-- ----------------------------
-- Checks structure for table LOGGING_EVENT_EXCEPTION
-- ----------------------------
ALTER TABLE "THYMELTE"."LOGGING_EVENT_EXCEPTION" ADD CONSTRAINT "SYS_C0011587" CHECK ("EVENT_ID" IS NOT NULL) NOT DEFERRABLE INITIALLY IMMEDIATE NORELY VALIDATE;
ALTER TABLE "THYMELTE"."LOGGING_EVENT_EXCEPTION" ADD CONSTRAINT "SYS_C0011588" CHECK ("I" IS NOT NULL) NOT DEFERRABLE INITIALLY IMMEDIATE NORELY VALIDATE;
ALTER TABLE "THYMELTE"."LOGGING_EVENT_EXCEPTION" ADD CONSTRAINT "SYS_C0011589" CHECK ("TRACE_LINE" IS NOT NULL) NOT DEFERRABLE INITIALLY IMMEDIATE NORELY VALIDATE;

-- ----------------------------
-- Primary Key structure for table LOGGING_EVENT_PROPERTY
-- ----------------------------
ALTER TABLE "THYMELTE"."LOGGING_EVENT_PROPERTY" ADD CONSTRAINT "SYS_C0011585" PRIMARY KEY ("EVENT_ID", "MAPPED_KEY");

-- ----------------------------
-- Checks structure for table LOGGING_EVENT_PROPERTY
-- ----------------------------
ALTER TABLE "THYMELTE"."LOGGING_EVENT_PROPERTY" ADD CONSTRAINT "SYS_C0011583" CHECK ("EVENT_ID" IS NOT NULL) NOT DEFERRABLE INITIALLY IMMEDIATE NORELY VALIDATE;
ALTER TABLE "THYMELTE"."LOGGING_EVENT_PROPERTY" ADD CONSTRAINT "SYS_C0011584" CHECK ("MAPPED_KEY" IS NOT NULL) NOT DEFERRABLE INITIALLY IMMEDIATE NORELY VALIDATE;

-- ----------------------------
-- Primary Key structure for table OAUTH_ACCESS_TOKEN
-- ----------------------------
ALTER TABLE "THYMELTE"."OAUTH_ACCESS_TOKEN" ADD CONSTRAINT "SYS_C0011565" PRIMARY KEY ("AUTHENTICATION_ID");

-- ----------------------------
-- Primary Key structure for table OAUTH_CLIENT_DETAILS
-- ----------------------------
ALTER TABLE "THYMELTE"."OAUTH_CLIENT_DETAILS" ADD CONSTRAINT "SYS_C0011563" PRIMARY KEY ("CLIENT_ID");

-- ----------------------------
-- Primary Key structure for table OAUTH_CLIENT_TOKEN
-- ----------------------------
ALTER TABLE "THYMELTE"."OAUTH_CLIENT_TOKEN" ADD CONSTRAINT "SYS_C0011564" PRIMARY KEY ("AUTHENTICATION_ID");

-- ----------------------------
-- Primary Key structure for table T_ACCOUNT_BIND
-- ----------------------------
ALTER TABLE "THYMELTE"."T_ACCOUNT_BIND" ADD CONSTRAINT "SYS_C0011731" PRIMARY KEY ("ID");

-- ----------------------------
-- Checks structure for table T_ACCOUNT_BIND
-- ----------------------------
ALTER TABLE "THYMELTE"."T_ACCOUNT_BIND" ADD CONSTRAINT "SYS_C0011730" CHECK ("ID" IS NOT NULL) NOT DEFERRABLE INITIALLY IMMEDIATE NORELY VALIDATE;

-- ----------------------------
-- Primary Key structure for table T_AUTHORITIES
-- ----------------------------
ALTER TABLE "THYMELTE"."T_AUTHORITIES" ADD CONSTRAINT "SYS_C0011595" PRIMARY KEY ("ID");

-- ----------------------------
-- Checks structure for table T_AUTHORITIES
-- ----------------------------
ALTER TABLE "THYMELTE"."T_AUTHORITIES" ADD CONSTRAINT "SYS_C0011592" CHECK ("ID" IS NOT NULL) NOT DEFERRABLE INITIALLY IMMEDIATE NORELY VALIDATE;
ALTER TABLE "THYMELTE"."T_AUTHORITIES" ADD CONSTRAINT "SYS_C0011593" CHECK ("USER_ID" IS NOT NULL) NOT DEFERRABLE INITIALLY IMMEDIATE NORELY VALIDATE;
ALTER TABLE "THYMELTE"."T_AUTHORITIES" ADD CONSTRAINT "SYS_C0011594" CHECK ("AUTHORITY" IS NOT NULL) NOT DEFERRABLE INITIALLY IMMEDIATE NORELY VALIDATE;

-- ----------------------------
-- Indexes structure for table T_AUTHORITIES
-- ----------------------------
CREATE UNIQUE INDEX "THYMELTE"."IX_AUTH_USERNAME"
  ON "THYMELTE"."T_AUTHORITIES" ("AUTHORITY" ASC, "USER_ID" ASC)
  LOGGING
  TABLESPACE "THYMELTE"
PCTFREE 10
INITRANS 2
STORAGE (
  INITIAL 65536
  MINEXTENTS 1
  MAXEXTENTS 2147483645
  BUFFER_POOL DEFAULT
);

-- ----------------------------
-- Primary Key structure for table T_BILL
-- ----------------------------
ALTER TABLE "THYMELTE"."T_BILL" ADD CONSTRAINT "SYS_C0011733" PRIMARY KEY ("ID");

-- ----------------------------
-- Checks structure for table T_BILL
-- ----------------------------
ALTER TABLE "THYMELTE"."T_BILL" ADD CONSTRAINT "SYS_C0011732" CHECK ("ID" IS NOT NULL) NOT DEFERRABLE INITIALLY IMMEDIATE NORELY VALIDATE;

-- ----------------------------
-- Primary Key structure for table T_DICT_TYPE
-- ----------------------------
ALTER TABLE "THYMELTE"."T_DICT_TYPE" ADD CONSTRAINT "SYS_C0011735" PRIMARY KEY ("ID");

-- ----------------------------
-- Checks structure for table T_DICT_TYPE
-- ----------------------------
ALTER TABLE "THYMELTE"."T_DICT_TYPE" ADD CONSTRAINT "SYS_C0011734" CHECK ("ID" IS NOT NULL) NOT DEFERRABLE INITIALLY IMMEDIATE NORELY VALIDATE;

-- ----------------------------
-- Primary Key structure for table T_DICT_TYPE_GROUP
-- ----------------------------
ALTER TABLE "THYMELTE"."T_DICT_TYPE_GROUP" ADD CONSTRAINT "SYS_C0011737" PRIMARY KEY ("ID");

-- ----------------------------
-- Checks structure for table T_DICT_TYPE_GROUP
-- ----------------------------
ALTER TABLE "THYMELTE"."T_DICT_TYPE_GROUP" ADD CONSTRAINT "SYS_C0011736" CHECK ("ID" IS NOT NULL) NOT DEFERRABLE INITIALLY IMMEDIATE NORELY VALIDATE;

-- ----------------------------
-- Primary Key structure for table T_LOG_LOGIN
-- ----------------------------
ALTER TABLE "THYMELTE"."T_LOG_LOGIN" ADD CONSTRAINT "SYS_C0011597" PRIMARY KEY ("ID");

-- ----------------------------
-- Checks structure for table T_LOG_LOGIN
-- ----------------------------
ALTER TABLE "THYMELTE"."T_LOG_LOGIN" ADD CONSTRAINT "SYS_C0011596" CHECK ("ID" IS NOT NULL) NOT DEFERRABLE INITIALLY IMMEDIATE NORELY VALIDATE;

-- ----------------------------
-- Primary Key structure for table T_NEWS_INFO
-- ----------------------------
ALTER TABLE "THYMELTE"."T_NEWS_INFO" ADD CONSTRAINT "SYS_C0011606" PRIMARY KEY ("ID");

-- ----------------------------
-- Checks structure for table T_NEWS_INFO
-- ----------------------------
ALTER TABLE "THYMELTE"."T_NEWS_INFO" ADD CONSTRAINT "SYS_C0011605" CHECK ("ID" IS NOT NULL) NOT DEFERRABLE INITIALLY IMMEDIATE NORELY VALIDATE;

-- ----------------------------
-- Primary Key structure for table T_NEWS_TAG
-- ----------------------------
ALTER TABLE "THYMELTE"."T_NEWS_TAG" ADD CONSTRAINT "SYS_C0011608" PRIMARY KEY ("ID");

-- ----------------------------
-- Checks structure for table T_NEWS_TAG
-- ----------------------------
ALTER TABLE "THYMELTE"."T_NEWS_TAG" ADD CONSTRAINT "SYS_C0011607" CHECK ("ID" IS NOT NULL) NOT DEFERRABLE INITIALLY IMMEDIATE NORELY VALIDATE;

-- ----------------------------
-- Primary Key structure for table T_NOTICE_MSG
-- ----------------------------
ALTER TABLE "THYMELTE"."T_NOTICE_MSG" ADD CONSTRAINT "SYS_C0011739" PRIMARY KEY ("ID");

-- ----------------------------
-- Checks structure for table T_NOTICE_MSG
-- ----------------------------
ALTER TABLE "THYMELTE"."T_NOTICE_MSG" ADD CONSTRAINT "SYS_C0011738" CHECK ("ID" IS NOT NULL) NOT DEFERRABLE INITIALLY IMMEDIATE NORELY VALIDATE;

-- ----------------------------
-- Primary Key structure for table T_QR_CODE
-- ----------------------------
ALTER TABLE "THYMELTE"."T_QR_CODE" ADD CONSTRAINT "SYS_C0011604" PRIMARY KEY ("ID");

-- ----------------------------
-- Checks structure for table T_QR_CODE
-- ----------------------------
ALTER TABLE "THYMELTE"."T_QR_CODE" ADD CONSTRAINT "SYS_C0011603" CHECK ("ID" IS NOT NULL) NOT DEFERRABLE INITIALLY IMMEDIATE NORELY VALIDATE;

-- ----------------------------
-- Primary Key structure for table T_RESET_PWD_INFO
-- ----------------------------
ALTER TABLE "THYMELTE"."T_RESET_PWD_INFO" ADD CONSTRAINT "SYS_C0011600" PRIMARY KEY ("ID");

-- ----------------------------
-- Checks structure for table T_RESET_PWD_INFO
-- ----------------------------
ALTER TABLE "THYMELTE"."T_RESET_PWD_INFO" ADD CONSTRAINT "SYS_C0011598" CHECK ("ID" IS NOT NULL) NOT DEFERRABLE INITIALLY IMMEDIATE NORELY VALIDATE;
ALTER TABLE "THYMELTE"."T_RESET_PWD_INFO" ADD CONSTRAINT "SYS_C0011599" CHECK ("VALID" IS NOT NULL) NOT DEFERRABLE INITIALLY IMMEDIATE NORELY VALIDATE;

-- ----------------------------
-- Primary Key structure for table T_SIDE_MENU
-- ----------------------------
ALTER TABLE "THYMELTE"."T_SIDE_MENU" ADD CONSTRAINT "SYS_C0011743" PRIMARY KEY ("ID");

-- ----------------------------
-- Checks structure for table T_SIDE_MENU
-- ----------------------------
ALTER TABLE "THYMELTE"."T_SIDE_MENU" ADD CONSTRAINT "SYS_C0011742" CHECK ("ID" IS NOT NULL) NOT DEFERRABLE INITIALLY IMMEDIATE NORELY VALIDATE;

-- ----------------------------
-- Primary Key structure for table T_SIDE_MENU_AUTHORITY
-- ----------------------------
ALTER TABLE "THYMELTE"."T_SIDE_MENU_AUTHORITY" ADD CONSTRAINT "SYS_C0011745" PRIMARY KEY ("ID");

-- ----------------------------
-- Checks structure for table T_SIDE_MENU_AUTHORITY
-- ----------------------------
ALTER TABLE "THYMELTE"."T_SIDE_MENU_AUTHORITY" ADD CONSTRAINT "SYS_C0011744" CHECK ("ID" IS NOT NULL) NOT DEFERRABLE INITIALLY IMMEDIATE NORELY VALIDATE;

-- ----------------------------
-- Primary Key structure for table T_S_QUARTZ_JOB
-- ----------------------------
ALTER TABLE "THYMELTE"."T_S_QUARTZ_JOB" ADD CONSTRAINT "SYS_C0011741" PRIMARY KEY ("ID");

-- ----------------------------
-- Checks structure for table T_S_QUARTZ_JOB
-- ----------------------------
ALTER TABLE "THYMELTE"."T_S_QUARTZ_JOB" ADD CONSTRAINT "SYS_C0011740" CHECK ("ID" IS NOT NULL) NOT DEFERRABLE INITIALLY IMMEDIATE NORELY VALIDATE;

-- ----------------------------
-- Primary Key structure for table T_USERS
-- ----------------------------
ALTER TABLE "THYMELTE"."T_USERS" ADD CONSTRAINT "SYS_C0011571" PRIMARY KEY ("ID");

-- ----------------------------
-- Uniques structure for table T_USERS
-- ----------------------------
ALTER TABLE "THYMELTE"."T_USERS" ADD CONSTRAINT "SYS_C0011572" UNIQUE ("PHONE") NOT DEFERRABLE INITIALLY IMMEDIATE NORELY VALIDATE;
ALTER TABLE "THYMELTE"."T_USERS" ADD CONSTRAINT "SYS_C0011573" UNIQUE ("EMAIL") NOT DEFERRABLE INITIALLY IMMEDIATE NORELY VALIDATE;

-- ----------------------------
-- Checks structure for table T_USERS
-- ----------------------------
ALTER TABLE "THYMELTE"."T_USERS" ADD CONSTRAINT "SYS_C0011567" CHECK ("ID" IS NOT NULL) NOT DEFERRABLE INITIALLY IMMEDIATE NORELY VALIDATE;
ALTER TABLE "THYMELTE"."T_USERS" ADD CONSTRAINT "SYS_C0011568" CHECK ("USERNAME" IS NOT NULL) NOT DEFERRABLE INITIALLY IMMEDIATE NORELY VALIDATE;
ALTER TABLE "THYMELTE"."T_USERS" ADD CONSTRAINT "SYS_C0011569" CHECK ("PASSWORD" IS NOT NULL) NOT DEFERRABLE INITIALLY IMMEDIATE NORELY VALIDATE;
ALTER TABLE "THYMELTE"."T_USERS" ADD CONSTRAINT "SYS_C0011570" CHECK ("ENABLED" IS NOT NULL) NOT DEFERRABLE INITIALLY IMMEDIATE NORELY VALIDATE;

-- ----------------------------
-- Primary Key structure for table T_VERI_CODE
-- ----------------------------
ALTER TABLE "THYMELTE"."T_VERI_CODE" ADD CONSTRAINT "SYS_C0011602" PRIMARY KEY ("ID");

-- ----------------------------
-- Checks structure for table T_VERI_CODE
-- ----------------------------
ALTER TABLE "THYMELTE"."T_VERI_CODE" ADD CONSTRAINT "SYS_C0011601" CHECK ("ID" IS NOT NULL) NOT DEFERRABLE INITIALLY IMMEDIATE NORELY VALIDATE;

-- ----------------------------
-- Foreign Keys structure for table LOGGING_EVENT_EXCEPTION
-- ----------------------------
ALTER TABLE "THYMELTE"."LOGGING_EVENT_EXCEPTION" ADD CONSTRAINT "SYS_C0011591" FOREIGN KEY ("EVENT_ID") REFERENCES "THYMELTE"."LOGGING_EVENT" ("EVENT_ID") NOT DEFERRABLE INITIALLY IMMEDIATE NORELY VALIDATE;

-- ----------------------------
-- Foreign Keys structure for table LOGGING_EVENT_PROPERTY
-- ----------------------------
ALTER TABLE "THYMELTE"."LOGGING_EVENT_PROPERTY" ADD CONSTRAINT "SYS_C0011586" FOREIGN KEY ("EVENT_ID") REFERENCES "THYMELTE"."LOGGING_EVENT" ("EVENT_ID") NOT DEFERRABLE INITIALLY IMMEDIATE NORELY VALIDATE;

-- ----------------------------
-- Foreign Keys structure for table T_AUTHORITIES
-- ----------------------------
ALTER TABLE "THYMELTE"."T_AUTHORITIES" ADD CONSTRAINT "FK_AUTHORITIES_USERS" FOREIGN KEY ("USER_ID") REFERENCES "THYMELTE"."T_USERS" ("ID") NOT DEFERRABLE INITIALLY IMMEDIATE NORELY VALIDATE;
