/*
 Navicat Premium Data Transfer

 Source Server         : local
 Source Server Type    : MySQL
 Source Server Version : 50709
 Source Host           : localhost:3306
 Source Schema         : thymelte

 Target Server Type    : MySQL
 Target Server Version : 50709
 File Encoding         : 65001

 Date: 03/01/2019 11:52:12
*/

SET NAMES utf8mb4;
SET FOREIGN_KEY_CHECKS = 0;

-- ----------------------------
-- Table structure for logging_event
-- ----------------------------
DROP TABLE IF EXISTS `logging_event`;
CREATE TABLE `logging_event`  (
  `timestmp` bigint(20) NOT NULL,
  `formatted_message` text CHARACTER SET utf8mb4 COLLATE utf8mb4_general_ci NOT NULL,
  `logger_name` varchar(254) CHARACTER SET utf8mb4 COLLATE utf8mb4_general_ci NOT NULL,
  `level_string` varchar(254) CHARACTER SET utf8mb4 COLLATE utf8mb4_general_ci NOT NULL,
  `thread_name` varchar(254) CHARACTER SET utf8mb4 COLLATE utf8mb4_general_ci NULL DEFAULT NULL,
  `reference_flag` smallint(6) NULL DEFAULT NULL,
  `arg0` varchar(254) CHARACTER SET utf8mb4 COLLATE utf8mb4_general_ci NULL DEFAULT NULL,
  `arg1` varchar(254) CHARACTER SET utf8mb4 COLLATE utf8mb4_general_ci NULL DEFAULT NULL,
  `arg2` varchar(254) CHARACTER SET utf8mb4 COLLATE utf8mb4_general_ci NULL DEFAULT NULL,
  `arg3` varchar(254) CHARACTER SET utf8mb4 COLLATE utf8mb4_general_ci NULL DEFAULT NULL,
  `caller_filename` varchar(254) CHARACTER SET utf8mb4 COLLATE utf8mb4_general_ci NOT NULL,
  `caller_class` varchar(254) CHARACTER SET utf8mb4 COLLATE utf8mb4_general_ci NOT NULL,
  `caller_method` varchar(254) CHARACTER SET utf8mb4 COLLATE utf8mb4_general_ci NOT NULL,
  `caller_line` char(4) CHARACTER SET utf8mb4 COLLATE utf8mb4_general_ci NOT NULL,
  `event_id` bigint(20) NOT NULL AUTO_INCREMENT,
  PRIMARY KEY (`event_id`) USING BTREE
) ENGINE = MyISAM AUTO_INCREMENT = 8137 CHARACTER SET = utf8mb4 COLLATE = utf8mb4_general_ci ROW_FORMAT = Dynamic;

-- ----------------------------
-- Table structure for logging_event_exception
-- ----------------------------
DROP TABLE IF EXISTS `logging_event_exception`;
CREATE TABLE `logging_event_exception`  (
  `event_id` bigint(20) NOT NULL,
  `i` smallint(6) NOT NULL,
  `trace_line` varchar(254) CHARACTER SET utf8mb4 COLLATE utf8mb4_general_ci NOT NULL,
  PRIMARY KEY (`event_id`, `i`) USING BTREE
) ENGINE = MyISAM CHARACTER SET = utf8mb4 COLLATE = utf8mb4_general_ci ROW_FORMAT = Dynamic;

-- ----------------------------
-- Table structure for logging_event_property
-- ----------------------------
DROP TABLE IF EXISTS `logging_event_property`;
CREATE TABLE `logging_event_property`  (
  `event_id` bigint(20) NOT NULL,
  `mapped_key` varchar(36) CHARACTER SET utf8mb4 COLLATE utf8mb4_general_ci NOT NULL,
  `mapped_value` text CHARACTER SET utf8mb4 COLLATE utf8mb4_general_ci NULL,
  PRIMARY KEY (`event_id`, `mapped_key`) USING BTREE
) ENGINE = MyISAM CHARACTER SET = utf8mb4 COLLATE = utf8mb4_general_ci ROW_FORMAT = Dynamic;

-- ----------------------------
-- Table structure for oauth_access_token
-- ----------------------------
DROP TABLE IF EXISTS `oauth_access_token`;
CREATE TABLE `oauth_access_token`  (
  `token_id` varchar(36) CHARACTER SET utf8mb4 COLLATE utf8mb4_general_ci NULL DEFAULT NULL,
  `token` blob NULL,
  `authentication_id` varchar(36) CHARACTER SET utf8mb4 COLLATE utf8mb4_general_ci NULL DEFAULT NULL,
  `user_name` varchar(255) CHARACTER SET utf8mb4 COLLATE utf8mb4_general_ci NULL DEFAULT NULL,
  `client_id` varchar(36) CHARACTER SET utf8mb4 COLLATE utf8mb4_general_ci NULL DEFAULT NULL,
  `authentication` blob NULL,
  `refresh_token` varchar(255) CHARACTER SET utf8mb4 COLLATE utf8mb4_general_ci NULL DEFAULT NULL
) ENGINE = MyISAM CHARACTER SET = utf8mb4 COLLATE = utf8mb4_general_ci ROW_FORMAT = Dynamic;

-- ----------------------------
-- Records of oauth_access_token
-- ----------------------------
INSERT INTO `oauth_access_token` VALUES ('dc6ce6b5152c9a97d34639ea87cd4d1a', 0xACED0005737200436F72672E737072696E676672616D65776F726B2E73656375726974792E6F61757468322E636F6D6D6F6E2E44656661756C744F4175746832416363657373546F6B656E0CB29E361B24FACE0200064C00156164646974696F6E616C496E666F726D6174696F6E74000F4C6A6176612F7574696C2F4D61703B4C000A65787069726174696F6E7400104C6A6176612F7574696C2F446174653B4C000C72656672657368546F6B656E74003F4C6F72672F737072696E676672616D65776F726B2F73656375726974792F6F61757468322F636F6D6D6F6E2F4F417574683252656672657368546F6B656E3B4C000573636F706574000F4C6A6176612F7574696C2F5365743B4C0009746F6B656E547970657400124C6A6176612F6C616E672F537472696E673B4C000576616C756571007E000578707372001E6A6176612E7574696C2E436F6C6C656374696F6E7324456D7074794D6170593614855ADCE7D002000078707372000E6A6176612E7574696C2E44617465686A81014B5974190300007870770800000167E98B65E4787372004C6F72672E737072696E676672616D65776F726B2E73656375726974792E6F61757468322E636F6D6D6F6E2E44656661756C744578706972696E674F417574683252656672657368546F6B656E2FDF47639DD0C9B70200014C000A65787069726174696F6E71007E0002787200446F72672E737072696E676672616D65776F726B2E73656375726974792E6F61757468322E636F6D6D6F6E2E44656661756C744F417574683252656672657368546F6B656E73E10E0A6354D45E0200014C000576616C756571007E0005787074002436316338653237612D376662652D343037362D393333352D3336316466343735613737337371007E0009770800000168956410DD78737200256A6176612E7574696C2E436F6C6C656374696F6E7324556E6D6F6469666961626C65536574801D92D18F9B80550200007872002C6A6176612E7574696C2E436F6C6C656374696F6E7324556E6D6F6469666961626C65436F6C6C656374696F6E19420080CB5EF71E0200014C0001637400164C6A6176612F7574696C2F436F6C6C656374696F6E3B7870737200176A6176612E7574696C2E4C696E6B656448617368536574D86CD75A95DD2A1E020000787200116A6176612E7574696C2E48617368536574BA44859596B8B7340300007870770C000000023F40000000000001740010726561642C77726974652C74727573747874000662656172657274002435313737326663622D333061382D343934352D396565312D396166316130346431323965, '94bf174601ac4fe6414b91116b3cec6a', 'jeesun', 'clientIdPassword', 0xACED0005737200416F72672E737072696E676672616D65776F726B2E73656375726974792E6F61757468322E70726F76696465722E4F417574683241757468656E7469636174696F6EBD400B02166252130200024C000D73746F7265645265717565737474003C4C6F72672F737072696E676672616D65776F726B2F73656375726974792F6F61757468322F70726F76696465722F4F4175746832526571756573743B4C00127573657241757468656E7469636174696F6E7400324C6F72672F737072696E676672616D65776F726B2F73656375726974792F636F72652F41757468656E7469636174696F6E3B787200476F72672E737072696E676672616D65776F726B2E73656375726974792E61757468656E7469636174696F6E2E416273747261637441757468656E7469636174696F6E546F6B656ED3AA287E6E47640E0200035A000D61757468656E746963617465644C000B617574686F7269746965737400164C6A6176612F7574696C2F436F6C6C656374696F6E3B4C000764657461696C737400124C6A6176612F6C616E672F4F626A6563743B787000737200266A6176612E7574696C2E436F6C6C656374696F6E7324556E6D6F6469666961626C654C697374FC0F2531B5EC8E100200014C00046C6973747400104C6A6176612F7574696C2F4C6973743B7872002C6A6176612E7574696C2E436F6C6C656374696F6E7324556E6D6F6469666961626C65436F6C6C656374696F6E19420080CB5EF71E0200014C00016371007E00047870737200136A6176612E7574696C2E41727261794C6973747881D21D99C7619D03000149000473697A6578700000000277040000000273720019636F6D2E73696D6F6E2E6D6F64656C2E417574686F7269747900000000000000010200084C0009617574686F726974797400124C6A6176612F6C616E672F537472696E673B4C000863726561746542797400104C6A6176612F6C616E672F4C6F6E673B4C000A637265617465446174657400104C6A6176612F7574696C2F446174653B4C0002696471007E000F4C0008757064617465427971007E000F4C000A7570646174654461746571007E00104C000675736572496471007E000F4C0008757365726E616D6571007E000E787074000A524F4C455F41444D494E70707070707372000E6A6176612E6C616E672E4C6F6E673B8BE490CC8F23DF0200014A000576616C7565787200106A6176612E6C616E672E4E756D62657286AC951D0B94E08B02000078700000000000000001707371007E000D740009524F4C455F55534552707070707071007E0015707871007E000C707372003A6F72672E737072696E676672616D65776F726B2E73656375726974792E6F61757468322E70726F76696465722E4F41757468325265717565737400000000000000010200075A0008617070726F7665644C000B617574686F72697469657371007E00044C000A657874656E73696F6E7374000F4C6A6176612F7574696C2F4D61703B4C000B726564697265637455726971007E000E4C00077265667265736874003B4C6F72672F737072696E676672616D65776F726B2F73656375726974792F6F61757468322F70726F76696465722F546F6B656E526571756573743B4C000B7265736F7572636549647374000F4C6A6176612F7574696C2F5365743B4C000D726573706F6E7365547970657371007E001B787200386F72672E737072696E676672616D65776F726B2E73656375726974792E6F61757468322E70726F76696465722E426173655265717565737436287A3EA37169BD0200034C0008636C69656E74496471007E000E4C001172657175657374506172616D657465727371007E00194C000573636F706571007E001B7870740010636C69656E74496450617373776F7264737200256A6176612E7574696C2E436F6C6C656374696F6E7324556E6D6F6469666961626C654D6170F1A5A8FE74F507420200014C00016D71007E00197870737200116A6176612E7574696C2E486173684D61700507DAC1C31660D103000246000A6C6F6164466163746F724900097468726573686F6C6478703F400000000000037708000000040000000274000A6772616E745F7479706574000870617373776F7264740008757365726E616D657400066A656573756E78737200256A6176612E7574696C2E436F6C6C656374696F6E7324556E6D6F6469666961626C65536574801D92D18F9B80550200007871007E0009737200176A6176612E7574696C2E4C696E6B656448617368536574D86CD75A95DD2A1E020000787200116A6176612E7574696C2E48617368536574BA44859596B8B7340300007870770C000000103F40000000000001740010726561642C77726974652C747275737478017371007E002A770C000000103F40000000000002737200426F72672E737072696E676672616D65776F726B2E73656375726974792E636F72652E617574686F726974792E53696D706C654772616E746564417574686F7269747900000000000001A40200014C0004726F6C6571007E000E7870740009524F4C455F555345527371007E002E74000A524F4C455F41444D494E787371007E00213F40000000000000770800000010000000007870707371007E002A770C000000103F40000000000000787371007E002A770C000000103F40000000000000787372004F6F72672E737072696E676672616D65776F726B2E73656375726974792E61757468656E7469636174696F6E2E557365726E616D6550617373776F726441757468656E7469636174696F6E546F6B656E00000000000001A40200024C000B63726564656E7469616C7371007E00054C00097072696E636970616C71007E00057871007E0003017371007E00077371007E000B0000000277040000000271007E001171007E00167871007E0039737200176A6176612E7574696C2E4C696E6B6564486173684D617034C04E5C106CC0FB0200015A000B6163636573734F726465727871007E00213F400000000000067708000000080000000271007E002371007E002471007E002571007E002678007073720022636F6D2E73696D6F6E2E636F6D6D6F6E2E646F6D61696E2E55736572456E7469747927563A93CB7D3A4C02000D5A0007656E61626C65644C00076164647265737371007E000E4C00036167657400134C6A6176612F6C616E672F496E74656765723B4C000B617574686F72697469657371007E00084C0005626972746871007E00104C0005656D61696C71007E000E4C00096865616450686F746F71007E000E4C0002696471007E000F4C000870617373776F726471007E000E4C000B706572736F6E427269656671007E000E4C000570686F6E6571007E000E4C00037365787400134C6A6176612F6C616E672F426F6F6C65616E3B4C0008757365726E616D6571007E000E787001740012E6B19FE88B8FE79C81E88B8FE5B79EE5B882737200116A6176612E6C616E672E496E746567657212E2A0A4F781873802000149000576616C75657871007E0014000000127371007E000B0000000277040000000271007E001171007E0016787372000D6A6176612E73716C2E4461746514FA46683F3566970200007872000E6A6176612E7574696C2E44617465686A81014B597419030000787077080000016460DF3C007874001973696D6F6E2E73756E2E64657640686F746D61696C2E636F6D7400202F66696C6555706C6F61642F313439313830393330313531323531302E6A706771007E001574003C243261243131247434616B56636866674F7630305878422F5A4B4C6C4F6D7765556F4C2F4165643443694A71516A6169524C5A704255334157667875740009E5B7A8E89FB9E5AE8574000B3138333632313032343237737200116A6176612E6C616E672E426F6F6C65616ECD207280D59CFAEE0200015A000576616C75657870017400066A656573756E, 'b52303f8717138c559a95cc465faedda');
INSERT INTO `oauth_access_token` VALUES ('f96e5b9eca9bde64256e92af9bf816ec', 0xACED0005737200436F72672E737072696E676672616D65776F726B2E73656375726974792E6F61757468322E636F6D6D6F6E2E44656661756C744F4175746832416363657373546F6B656E0CB29E361B24FACE0200064C00156164646974696F6E616C496E666F726D6174696F6E74000F4C6A6176612F7574696C2F4D61703B4C000A65787069726174696F6E7400104C6A6176612F7574696C2F446174653B4C000C72656672657368546F6B656E74003F4C6F72672F737072696E676672616D65776F726B2F73656375726974792F6F61757468322F636F6D6D6F6E2F4F417574683252656672657368546F6B656E3B4C000573636F706574000F4C6A6176612F7574696C2F5365743B4C0009746F6B656E547970657400124C6A6176612F6C616E672F537472696E673B4C000576616C756571007E000578707372001E6A6176612E7574696C2E436F6C6C656374696F6E7324456D7074794D6170593614855ADCE7D002000078707372000E6A6176612E7574696C2E44617465686A81014B5974190300007870770800000167E9EE887D787372004C6F72672E737072696E676672616D65776F726B2E73656375726974792E6F61757468322E636F6D6D6F6E2E44656661756C744578706972696E674F417574683252656672657368546F6B656E2FDF47639DD0C9B70200014C000A65787069726174696F6E71007E0002787200446F72672E737072696E676672616D65776F726B2E73656375726974792E6F61757468322E636F6D6D6F6E2E44656661756C744F417574683252656672657368546F6B656E73E10E0A6354D45E0200014C000576616C756571007E0005787074002463663131313963312D636363312D343130362D393363332D6165613932326461396635347371007E00097708000001689D7943C678737200256A6176612E7574696C2E436F6C6C656374696F6E7324556E6D6F6469666961626C65536574801D92D18F9B80550200007872002C6A6176612E7574696C2E436F6C6C656374696F6E7324556E6D6F6469666961626C65436F6C6C656374696F6E19420080CB5EF71E0200014C0001637400164C6A6176612F7574696C2F436F6C6C656374696F6E3B7870737200176A6176612E7574696C2E4C696E6B656448617368536574D86CD75A95DD2A1E020000787200116A6176612E7574696C2E48617368536574BA44859596B8B7340300007870770C000000023F40000000000001740010726561642C77726974652C74727573747874000662656172657274002462653637396438632D366337382D346630312D393034362D353337326230343165646162, '34f369fbcae782d72d9c6860c522f43a', 'user2711', 'clientIdPassword', 0xACED0005737200416F72672E737072696E676672616D65776F726B2E73656375726974792E6F61757468322E70726F76696465722E4F417574683241757468656E7469636174696F6EBD400B02166252130200024C000D73746F7265645265717565737474003C4C6F72672F737072696E676672616D65776F726B2F73656375726974792F6F61757468322F70726F76696465722F4F4175746832526571756573743B4C00127573657241757468656E7469636174696F6E7400324C6F72672F737072696E676672616D65776F726B2F73656375726974792F636F72652F41757468656E7469636174696F6E3B787200476F72672E737072696E676672616D65776F726B2E73656375726974792E61757468656E7469636174696F6E2E416273747261637441757468656E7469636174696F6E546F6B656ED3AA287E6E47640E0200035A000D61757468656E746963617465644C000B617574686F7269746965737400164C6A6176612F7574696C2F436F6C6C656374696F6E3B4C000764657461696C737400124C6A6176612F6C616E672F4F626A6563743B787000737200266A6176612E7574696C2E436F6C6C656374696F6E7324556E6D6F6469666961626C654C697374FC0F2531B5EC8E100200014C00046C6973747400104C6A6176612F7574696C2F4C6973743B7872002C6A6176612E7574696C2E436F6C6C656374696F6E7324556E6D6F6469666961626C65436F6C6C656374696F6E19420080CB5EF71E0200014C00016371007E00047870737200136A6176612E7574696C2E41727261794C6973747881D21D99C7619D03000149000473697A657870000000007704000000007871007E000C707372003A6F72672E737072696E676672616D65776F726B2E73656375726974792E6F61757468322E70726F76696465722E4F41757468325265717565737400000000000000010200075A0008617070726F7665644C000B617574686F72697469657371007E00044C000A657874656E73696F6E7374000F4C6A6176612F7574696C2F4D61703B4C000B72656469726563745572697400124C6A6176612F6C616E672F537472696E673B4C00077265667265736874003B4C6F72672F737072696E676672616D65776F726B2F73656375726974792F6F61757468322F70726F76696465722F546F6B656E526571756573743B4C000B7265736F7572636549647374000F4C6A6176612F7574696C2F5365743B4C000D726573706F6E7365547970657371007E0011787200386F72672E737072696E676672616D65776F726B2E73656375726974792E6F61757468322E70726F76696465722E426173655265717565737436287A3EA37169BD0200034C0008636C69656E74496471007E000F4C001172657175657374506172616D657465727371007E000E4C000573636F706571007E00117870740010636C69656E74496450617373776F7264737200256A6176612E7574696C2E436F6C6C656374696F6E7324556E6D6F6469666961626C654D6170F1A5A8FE74F507420200014C00016D71007E000E7870737200116A6176612E7574696C2E486173684D61700507DAC1C31660D103000246000A6C6F6164466163746F724900097468726573686F6C6478703F4000000000000677080000000800000003740009617574685F74797065740003736D7374000A6772616E745F7479706574000870617373776F7264740008757365726E616D6574000B313838363039303237313178737200256A6176612E7574696C2E436F6C6C656374696F6E7324556E6D6F6469666961626C65536574801D92D18F9B80550200007871007E0009737200176A6176612E7574696C2E4C696E6B656448617368536574D86CD75A95DD2A1E020000787200116A6176612E7574696C2E48617368536574BA44859596B8B7340300007870770C000000103F40000000000001740010726561642C77726974652C747275737478017371007E0022770C000000103F40000000000002737200426F72672E737072696E676672616D65776F726B2E73656375726974792E636F72652E617574686F726974792E53696D706C654772616E746564417574686F7269747900000000000001A40200014C0004726F6C6571007E000F7870740009524F4C455F555345527371007E002674000A524F4C455F41444D494E787371007E00173F40000000000000770800000010000000007870707371007E0022770C000000103F40000000000000787371007E0022770C000000103F40000000000000787372004F6F72672E737072696E676672616D65776F726B2E73656375726974792E61757468656E7469636174696F6E2E557365726E616D6550617373776F726441757468656E7469636174696F6E546F6B656E00000000000001A40200024C000B63726564656E7469616C7371007E00054C00097072696E636970616C71007E00057871007E0003017372001F6A6176612E7574696C2E436F6C6C656374696F6E7324456D7074794C6973747AB817B43CA79EDE0200007870737200176A6176612E7574696C2E4C696E6B6564486173684D617034C04E5C106CC0FB0200015A000B6163636573734F726465727871007E00173F400000000000067708000000080000000371007E001971007E001A71007E001B71007E001C71007E001D71007E001E78007073720022636F6D2E73696D6F6E2E636F6D6D6F6E2E646F6D61696E2E55736572456E7469747927563A93CB7D3A4C02000D5A0007656E61626C65644C00076164647265737371007E000F4C00036167657400134C6A6176612F6C616E672F496E74656765723B4C000B617574686F72697469657371007E00084C000562697274687400104C6A6176612F7574696C2F446174653B4C0005656D61696C71007E000F4C00096865616450686F746F71007E000F4C000269647400104C6A6176612F6C616E672F4C6F6E673B4C000870617373776F726471007E000F4C000B706572736F6E427269656671007E000F4C000570686F6E6571007E000F4C00037365787400134C6A6176612F6C616E672F426F6F6C65616E3B4C0008757365726E616D6571007E000F787001707070737200126A6176612E73716C2E54696D657374616D702618D5C80153BF650200014900056E616E6F737872000E6A6176612E7574696C2E44617465686A81014B597419030000787077080000016142A5880078000000007400133138383630393032373131403136332E636F6D707372000E6A6176612E6C616E672E4C6F6E673B8BE490CC8F23DF0200014A000576616C7565787200106A6176612E6C616E672E4E756D62657286AC951D0B94E08B0200007870000000000000000274003C24326124313124514979676A676273617A39756F4568686C4B38516F2E74304154674B3467544A6E7A676141736B336231617552726958723841564F7074000B3138383630393032373131737200116A6176612E6C616E672E426F6F6C65616ECD207280D59CFAEE0200015A000576616C75657870007400087573657232373131, 'e56da6428734c5bc15bbb2d97eab9314');

-- ----------------------------
-- Table structure for oauth_client_details
-- ----------------------------
DROP TABLE IF EXISTS `oauth_client_details`;
CREATE TABLE `oauth_client_details`  (
  `client_id` varchar(36) CHARACTER SET utf8mb4 COLLATE utf8mb4_general_ci NOT NULL,
  `resource_ids` varchar(255) CHARACTER SET utf8mb4 COLLATE utf8mb4_general_ci NULL DEFAULT NULL,
  `client_secret` varchar(255) CHARACTER SET utf8mb4 COLLATE utf8mb4_general_ci NULL DEFAULT NULL,
  `scope` varchar(255) CHARACTER SET utf8mb4 COLLATE utf8mb4_general_ci NULL DEFAULT NULL,
  `authorized_grant_types` varchar(255) CHARACTER SET utf8mb4 COLLATE utf8mb4_general_ci NULL DEFAULT NULL,
  `web_server_redirect_uri` varchar(255) CHARACTER SET utf8mb4 COLLATE utf8mb4_general_ci NULL DEFAULT NULL,
  `authorities` varchar(255) CHARACTER SET utf8mb4 COLLATE utf8mb4_general_ci NULL DEFAULT NULL,
  `access_token_validity` int(11) NULL DEFAULT NULL,
  `refresh_token_validity` int(11) NULL DEFAULT NULL,
  `additional_information` varchar(4096) CHARACTER SET utf8mb4 COLLATE utf8mb4_general_ci NULL DEFAULT NULL,
  `autoapprove` varchar(255) CHARACTER SET utf8mb4 COLLATE utf8mb4_general_ci NULL DEFAULT NULL,
  PRIMARY KEY (`client_id`) USING BTREE
) ENGINE = MyISAM CHARACTER SET = utf8mb4 COLLATE = utf8mb4_general_ci ROW_FORMAT = Dynamic;

-- ----------------------------
-- Table structure for oauth_client_token
-- ----------------------------
DROP TABLE IF EXISTS `oauth_client_token`;
CREATE TABLE `oauth_client_token`  (
  `token_id` varchar(36) CHARACTER SET utf8mb4 COLLATE utf8mb4_general_ci NULL DEFAULT NULL,
  `token` blob NULL,
  `authentication_id` varchar(36) CHARACTER SET utf8mb4 COLLATE utf8mb4_general_ci NULL DEFAULT NULL,
  `user_name` varchar(255) CHARACTER SET utf8mb4 COLLATE utf8mb4_general_ci NULL DEFAULT NULL,
  `client_id` varchar(36) CHARACTER SET utf8mb4 COLLATE utf8mb4_general_ci NULL DEFAULT NULL
) ENGINE = MyISAM CHARACTER SET = utf8mb4 COLLATE = utf8mb4_general_ci ROW_FORMAT = Dynamic;

-- ----------------------------
-- Table structure for oauth_code
-- ----------------------------
DROP TABLE IF EXISTS `oauth_code`;
CREATE TABLE `oauth_code`  (
  `code` varchar(255) CHARACTER SET utf8mb4 COLLATE utf8mb4_general_ci NULL DEFAULT NULL,
  `authentication` blob NULL
) ENGINE = MyISAM CHARACTER SET = utf8mb4 COLLATE = utf8mb4_general_ci ROW_FORMAT = Dynamic;

-- ----------------------------
-- Table structure for oauth_refresh_token
-- ----------------------------
DROP TABLE IF EXISTS `oauth_refresh_token`;
CREATE TABLE `oauth_refresh_token`  (
  `token_id` varchar(36) CHARACTER SET utf8mb4 COLLATE utf8mb4_general_ci NULL DEFAULT NULL,
  `token` blob NULL,
  `authentication` blob NULL
) ENGINE = MyISAM CHARACTER SET = utf8mb4 COLLATE = utf8mb4_general_ci ROW_FORMAT = Dynamic;

-- ----------------------------
-- Records of oauth_refresh_token
-- ----------------------------
INSERT INTO `oauth_refresh_token` VALUES ('b52303f8717138c559a95cc465faedda', 0xACED00057372004C6F72672E737072696E676672616D65776F726B2E73656375726974792E6F61757468322E636F6D6D6F6E2E44656661756C744578706972696E674F417574683252656672657368546F6B656E2FDF47639DD0C9B70200014C000A65787069726174696F6E7400104C6A6176612F7574696C2F446174653B787200446F72672E737072696E676672616D65776F726B2E73656375726974792E6F61757468322E636F6D6D6F6E2E44656661756C744F417574683252656672657368546F6B656E73E10E0A6354D45E0200014C000576616C75657400124C6A6176612F6C616E672F537472696E673B787074002436316338653237612D376662652D343037362D393333352D3336316466343735613737337372000E6A6176612E7574696C2E44617465686A81014B5974190300007870770800000168956410DD78, 0xACED0005737200416F72672E737072696E676672616D65776F726B2E73656375726974792E6F61757468322E70726F76696465722E4F417574683241757468656E7469636174696F6EBD400B02166252130200024C000D73746F7265645265717565737474003C4C6F72672F737072696E676672616D65776F726B2F73656375726974792F6F61757468322F70726F76696465722F4F4175746832526571756573743B4C00127573657241757468656E7469636174696F6E7400324C6F72672F737072696E676672616D65776F726B2F73656375726974792F636F72652F41757468656E7469636174696F6E3B787200476F72672E737072696E676672616D65776F726B2E73656375726974792E61757468656E7469636174696F6E2E416273747261637441757468656E7469636174696F6E546F6B656ED3AA287E6E47640E0200035A000D61757468656E746963617465644C000B617574686F7269746965737400164C6A6176612F7574696C2F436F6C6C656374696F6E3B4C000764657461696C737400124C6A6176612F6C616E672F4F626A6563743B787000737200266A6176612E7574696C2E436F6C6C656374696F6E7324556E6D6F6469666961626C654C697374FC0F2531B5EC8E100200014C00046C6973747400104C6A6176612F7574696C2F4C6973743B7872002C6A6176612E7574696C2E436F6C6C656374696F6E7324556E6D6F6469666961626C65436F6C6C656374696F6E19420080CB5EF71E0200014C00016371007E00047870737200136A6176612E7574696C2E41727261794C6973747881D21D99C7619D03000149000473697A6578700000000277040000000273720019636F6D2E73696D6F6E2E6D6F64656C2E417574686F7269747900000000000000010200084C0009617574686F726974797400124C6A6176612F6C616E672F537472696E673B4C000863726561746542797400104C6A6176612F6C616E672F4C6F6E673B4C000A637265617465446174657400104C6A6176612F7574696C2F446174653B4C0002696471007E000F4C0008757064617465427971007E000F4C000A7570646174654461746571007E00104C000675736572496471007E000F4C0008757365726E616D6571007E000E787074000A524F4C455F41444D494E70707070707372000E6A6176612E6C616E672E4C6F6E673B8BE490CC8F23DF0200014A000576616C7565787200106A6176612E6C616E672E4E756D62657286AC951D0B94E08B02000078700000000000000001707371007E000D740009524F4C455F55534552707070707071007E0015707871007E000C707372003A6F72672E737072696E676672616D65776F726B2E73656375726974792E6F61757468322E70726F76696465722E4F41757468325265717565737400000000000000010200075A0008617070726F7665644C000B617574686F72697469657371007E00044C000A657874656E73696F6E7374000F4C6A6176612F7574696C2F4D61703B4C000B726564697265637455726971007E000E4C00077265667265736874003B4C6F72672F737072696E676672616D65776F726B2F73656375726974792F6F61757468322F70726F76696465722F546F6B656E526571756573743B4C000B7265736F7572636549647374000F4C6A6176612F7574696C2F5365743B4C000D726573706F6E7365547970657371007E001B787200386F72672E737072696E676672616D65776F726B2E73656375726974792E6F61757468322E70726F76696465722E426173655265717565737436287A3EA37169BD0200034C0008636C69656E74496471007E000E4C001172657175657374506172616D657465727371007E00194C000573636F706571007E001B7870740010636C69656E74496450617373776F7264737200256A6176612E7574696C2E436F6C6C656374696F6E7324556E6D6F6469666961626C654D6170F1A5A8FE74F507420200014C00016D71007E00197870737200116A6176612E7574696C2E486173684D61700507DAC1C31660D103000246000A6C6F6164466163746F724900097468726573686F6C6478703F400000000000037708000000040000000274000A6772616E745F7479706574000870617373776F7264740008757365726E616D657400066A656573756E78737200256A6176612E7574696C2E436F6C6C656374696F6E7324556E6D6F6469666961626C65536574801D92D18F9B80550200007871007E0009737200176A6176612E7574696C2E4C696E6B656448617368536574D86CD75A95DD2A1E020000787200116A6176612E7574696C2E48617368536574BA44859596B8B7340300007870770C000000103F40000000000001740010726561642C77726974652C747275737478017371007E002A770C000000103F40000000000002737200426F72672E737072696E676672616D65776F726B2E73656375726974792E636F72652E617574686F726974792E53696D706C654772616E746564417574686F7269747900000000000001A40200014C0004726F6C6571007E000E7870740009524F4C455F555345527371007E002E74000A524F4C455F41444D494E787371007E00213F40000000000000770800000010000000007870707371007E002A770C000000103F40000000000000787371007E002A770C000000103F40000000000000787372004F6F72672E737072696E676672616D65776F726B2E73656375726974792E61757468656E7469636174696F6E2E557365726E616D6550617373776F726441757468656E7469636174696F6E546F6B656E00000000000001A40200024C000B63726564656E7469616C7371007E00054C00097072696E636970616C71007E00057871007E0003017371007E00077371007E000B0000000277040000000271007E001171007E00167871007E0039737200176A6176612E7574696C2E4C696E6B6564486173684D617034C04E5C106CC0FB0200015A000B6163636573734F726465727871007E00213F400000000000067708000000080000000271007E002371007E002471007E002571007E002678007073720022636F6D2E73696D6F6E2E636F6D6D6F6E2E646F6D61696E2E55736572456E7469747927563A93CB7D3A4C02000D5A0007656E61626C65644C00076164647265737371007E000E4C00036167657400134C6A6176612F6C616E672F496E74656765723B4C000B617574686F72697469657371007E00084C0005626972746871007E00104C0005656D61696C71007E000E4C00096865616450686F746F71007E000E4C0002696471007E000F4C000870617373776F726471007E000E4C000B706572736F6E427269656671007E000E4C000570686F6E6571007E000E4C00037365787400134C6A6176612F6C616E672F426F6F6C65616E3B4C0008757365726E616D6571007E000E787001740012E6B19FE88B8FE79C81E88B8FE5B79EE5B882737200116A6176612E6C616E672E496E746567657212E2A0A4F781873802000149000576616C75657871007E0014000000127371007E000B0000000277040000000271007E001171007E0016787372000D6A6176612E73716C2E4461746514FA46683F3566970200007872000E6A6176612E7574696C2E44617465686A81014B597419030000787077080000016460DF3C007874001973696D6F6E2E73756E2E64657640686F746D61696C2E636F6D7400202F66696C6555706C6F61642F313439313830393330313531323531302E6A706771007E001574003C243261243131247434616B56636866674F7630305878422F5A4B4C6C4F6D7765556F4C2F4165643443694A71516A6169524C5A704255334157667875740009E5B7A8E89FB9E5AE8574000B3138333632313032343237737200116A6176612E6C616E672E426F6F6C65616ECD207280D59CFAEE0200015A000576616C75657870017400066A656573756E);
INSERT INTO `oauth_refresh_token` VALUES ('e56da6428734c5bc15bbb2d97eab9314', 0xACED00057372004C6F72672E737072696E676672616D65776F726B2E73656375726974792E6F61757468322E636F6D6D6F6E2E44656661756C744578706972696E674F417574683252656672657368546F6B656E2FDF47639DD0C9B70200014C000A65787069726174696F6E7400104C6A6176612F7574696C2F446174653B787200446F72672E737072696E676672616D65776F726B2E73656375726974792E6F61757468322E636F6D6D6F6E2E44656661756C744F417574683252656672657368546F6B656E73E10E0A6354D45E0200014C000576616C75657400124C6A6176612F6C616E672F537472696E673B787074002463663131313963312D636363312D343130362D393363332D6165613932326461396635347372000E6A6176612E7574696C2E44617465686A81014B59741903000078707708000001689D7943C678, 0xACED0005737200416F72672E737072696E676672616D65776F726B2E73656375726974792E6F61757468322E70726F76696465722E4F417574683241757468656E7469636174696F6EBD400B02166252130200024C000D73746F7265645265717565737474003C4C6F72672F737072696E676672616D65776F726B2F73656375726974792F6F61757468322F70726F76696465722F4F4175746832526571756573743B4C00127573657241757468656E7469636174696F6E7400324C6F72672F737072696E676672616D65776F726B2F73656375726974792F636F72652F41757468656E7469636174696F6E3B787200476F72672E737072696E676672616D65776F726B2E73656375726974792E61757468656E7469636174696F6E2E416273747261637441757468656E7469636174696F6E546F6B656ED3AA287E6E47640E0200035A000D61757468656E746963617465644C000B617574686F7269746965737400164C6A6176612F7574696C2F436F6C6C656374696F6E3B4C000764657461696C737400124C6A6176612F6C616E672F4F626A6563743B787000737200266A6176612E7574696C2E436F6C6C656374696F6E7324556E6D6F6469666961626C654C697374FC0F2531B5EC8E100200014C00046C6973747400104C6A6176612F7574696C2F4C6973743B7872002C6A6176612E7574696C2E436F6C6C656374696F6E7324556E6D6F6469666961626C65436F6C6C656374696F6E19420080CB5EF71E0200014C00016371007E00047870737200136A6176612E7574696C2E41727261794C6973747881D21D99C7619D03000149000473697A657870000000007704000000007871007E000C707372003A6F72672E737072696E676672616D65776F726B2E73656375726974792E6F61757468322E70726F76696465722E4F41757468325265717565737400000000000000010200075A0008617070726F7665644C000B617574686F72697469657371007E00044C000A657874656E73696F6E7374000F4C6A6176612F7574696C2F4D61703B4C000B72656469726563745572697400124C6A6176612F6C616E672F537472696E673B4C00077265667265736874003B4C6F72672F737072696E676672616D65776F726B2F73656375726974792F6F61757468322F70726F76696465722F546F6B656E526571756573743B4C000B7265736F7572636549647374000F4C6A6176612F7574696C2F5365743B4C000D726573706F6E7365547970657371007E0011787200386F72672E737072696E676672616D65776F726B2E73656375726974792E6F61757468322E70726F76696465722E426173655265717565737436287A3EA37169BD0200034C0008636C69656E74496471007E000F4C001172657175657374506172616D657465727371007E000E4C000573636F706571007E00117870740010636C69656E74496450617373776F7264737200256A6176612E7574696C2E436F6C6C656374696F6E7324556E6D6F6469666961626C654D6170F1A5A8FE74F507420200014C00016D71007E000E7870737200116A6176612E7574696C2E486173684D61700507DAC1C31660D103000246000A6C6F6164466163746F724900097468726573686F6C6478703F4000000000000677080000000800000003740009617574685F74797065740003736D7374000A6772616E745F7479706574000870617373776F7264740008757365726E616D6574000B313838363039303237313178737200256A6176612E7574696C2E436F6C6C656374696F6E7324556E6D6F6469666961626C65536574801D92D18F9B80550200007871007E0009737200176A6176612E7574696C2E4C696E6B656448617368536574D86CD75A95DD2A1E020000787200116A6176612E7574696C2E48617368536574BA44859596B8B7340300007870770C000000103F40000000000001740010726561642C77726974652C747275737478017371007E0022770C000000103F40000000000002737200426F72672E737072696E676672616D65776F726B2E73656375726974792E636F72652E617574686F726974792E53696D706C654772616E746564417574686F7269747900000000000001A40200014C0004726F6C6571007E000F7870740009524F4C455F555345527371007E002674000A524F4C455F41444D494E787371007E00173F40000000000000770800000010000000007870707371007E0022770C000000103F40000000000000787371007E0022770C000000103F40000000000000787372004F6F72672E737072696E676672616D65776F726B2E73656375726974792E61757468656E7469636174696F6E2E557365726E616D6550617373776F726441757468656E7469636174696F6E546F6B656E00000000000001A40200024C000B63726564656E7469616C7371007E00054C00097072696E636970616C71007E00057871007E0003017372001F6A6176612E7574696C2E436F6C6C656374696F6E7324456D7074794C6973747AB817B43CA79EDE0200007870737200176A6176612E7574696C2E4C696E6B6564486173684D617034C04E5C106CC0FB0200015A000B6163636573734F726465727871007E00173F400000000000067708000000080000000371007E001971007E001A71007E001B71007E001C71007E001D71007E001E78007073720022636F6D2E73696D6F6E2E636F6D6D6F6E2E646F6D61696E2E55736572456E7469747927563A93CB7D3A4C02000D5A0007656E61626C65644C00076164647265737371007E000F4C00036167657400134C6A6176612F6C616E672F496E74656765723B4C000B617574686F72697469657371007E00084C000562697274687400104C6A6176612F7574696C2F446174653B4C0005656D61696C71007E000F4C00096865616450686F746F71007E000F4C000269647400104C6A6176612F6C616E672F4C6F6E673B4C000870617373776F726471007E000F4C000B706572736F6E427269656671007E000F4C000570686F6E6571007E000F4C00037365787400134C6A6176612F6C616E672F426F6F6C65616E3B4C0008757365726E616D6571007E000F787001707070737200126A6176612E73716C2E54696D657374616D702618D5C80153BF650200014900056E616E6F737872000E6A6176612E7574696C2E44617465686A81014B597419030000787077080000016142A5880078000000007400133138383630393032373131403136332E636F6D707372000E6A6176612E6C616E672E4C6F6E673B8BE490CC8F23DF0200014A000576616C7565787200106A6176612E6C616E672E4E756D62657286AC951D0B94E08B0200007870000000000000000274003C243261243131242F464A564C646F3478304261645075745345687733654C6879486B6B4C6A6F585944445479324D654A49316A385548424F4E6F45437074000B3138383630393032373131737200116A6176612E6C616E672E426F6F6C65616ECD207280D59CFAEE0200015A000576616C75657870007400087573657232373131);

-- ----------------------------
-- Table structure for t_account_bind
-- ----------------------------
DROP TABLE IF EXISTS `t_account_bind`;
CREATE TABLE `t_account_bind`  (
  `id` bigint(20) NOT NULL AUTO_INCREMENT COMMENT 'id',
  `create_by` bigint(20) NULL DEFAULT NULL COMMENT '创建人id',
  `create_date` datetime(0) NULL DEFAULT NULL COMMENT '创建时间',
  `update_by` bigint(20) NULL DEFAULT NULL COMMENT '更新人id',
  `update_date` datetime(0) NULL DEFAULT NULL COMMENT '更新时间',
  `user_id` bigint(20) NULL DEFAULT NULL COMMENT '用户id',
  `account_type` int(4) NULL DEFAULT NULL COMMENT '账号类型',
  `account_no` varchar(50) CHARACTER SET utf8mb4 COLLATE utf8mb4_general_ci NULL DEFAULT NULL COMMENT '账号',
  `password` varchar(50) CHARACTER SET utf8mb4 COLLATE utf8mb4_general_ci NULL DEFAULT NULL COMMENT '密码',
  `secret_key` varchar(50) CHARACTER SET utf8mb4 COLLATE utf8mb4_general_ci NULL DEFAULT NULL COMMENT '绑定密钥',
  `is_bind` bit(1) NULL DEFAULT NULL COMMENT '是否绑定',
  `overdue_time` datetime(0) NULL DEFAULT NULL COMMENT '绑定过期时间',
  `status` varchar(32) CHARACTER SET utf8mb4 COLLATE utf8mb4_general_ci NULL DEFAULT NULL COMMENT '状态',
  PRIMARY KEY (`id`) USING BTREE
) ENGINE = MyISAM AUTO_INCREMENT = 1 CHARACTER SET = utf8mb4 COLLATE = utf8mb4_general_ci COMMENT = '账号绑定' ROW_FORMAT = Dynamic;

-- ----------------------------
-- Table structure for t_authorities
-- ----------------------------
DROP TABLE IF EXISTS `t_authorities`;
CREATE TABLE `t_authorities`  (
  `id` bigint(20) NOT NULL AUTO_INCREMENT COMMENT 'id',
  `create_by` bigint(20) NULL DEFAULT NULL COMMENT '创建人id',
  `create_date` datetime(0) NULL DEFAULT NULL COMMENT '创建时间',
  `update_by` bigint(20) NULL DEFAULT NULL COMMENT '更新人id',
  `update_date` datetime(0) NULL DEFAULT NULL COMMENT '更新时间',
  `user_id` bigint(20) NOT NULL COMMENT '用户id',
  `authority` varchar(50) CHARACTER SET utf8mb4 COLLATE utf8mb4_general_ci NOT NULL COMMENT '权限',
  PRIMARY KEY (`id`) USING BTREE,
  INDEX `ix_auth_username`(`user_id`, `authority`) USING BTREE
) ENGINE = MyISAM AUTO_INCREMENT = 95376005354487810 CHARACTER SET = utf8mb4 COLLATE = utf8mb4_general_ci COMMENT = '权限表' ROW_FORMAT = Dynamic;

-- ----------------------------
-- Records of t_authorities
-- ----------------------------
INSERT INTO `t_authorities` VALUES (1, NULL, NULL, NULL, NULL, 1000000000, 'ROLE_ADMIN');
INSERT INTO `t_authorities` VALUES (2, NULL, NULL, NULL, NULL, 1000000000, 'ROLE_USER');
INSERT INTO `t_authorities` VALUES (3, NULL, NULL, NULL, NULL, 1000000002, 'ROLE_ADMIN');
INSERT INTO `t_authorities` VALUES (4, NULL, NULL, NULL, NULL, 1000000003, 'ROLE_USER');

-- ----------------------------
-- Table structure for t_bill
-- ----------------------------
DROP TABLE IF EXISTS `t_bill`;
CREATE TABLE `t_bill`  (
  `id` bigint(20) NOT NULL AUTO_INCREMENT COMMENT 'id',
  `create_by` bigint(20) NULL DEFAULT NULL COMMENT '创建人id',
  `create_date` datetime(0) NULL DEFAULT NULL COMMENT '创建时间',
  `update_by` bigint(20) NULL DEFAULT NULL COMMENT '更新人id',
  `update_date` datetime(0) NULL DEFAULT NULL COMMENT '更新时间',
  `bill_type` varchar(50) CHARACTER SET utf8mb4 COLLATE utf8mb4_general_ci NULL DEFAULT NULL COMMENT '账单分类',
  `bill_status` varchar(50) CHARACTER SET utf8mb4 COLLATE utf8mb4_general_ci NULL DEFAULT NULL COMMENT '账单状态',
  `bill_desc` varchar(100) CHARACTER SET utf8mb4 COLLATE utf8mb4_general_ci NULL DEFAULT NULL COMMENT '账单描述',
  `receiving_address` varchar(100) CHARACTER SET utf8mb4 COLLATE utf8mb4_general_ci NULL DEFAULT NULL COMMENT '收货地址',
  `logistics_info` varchar(50) CHARACTER SET utf8mb4 COLLATE utf8mb4_general_ci NULL DEFAULT NULL COMMENT '物流信息',
  `logistics_no` varchar(50) CHARACTER SET utf8mb4 COLLATE utf8mb4_general_ci NULL DEFAULT NULL COMMENT '物流号',
  `logistics_status` varchar(50) CHARACTER SET utf8mb4 COLLATE utf8mb4_general_ci NULL DEFAULT NULL COMMENT '物流状况',
  `bill_date` datetime(0) NULL DEFAULT NULL COMMENT '账单日期',
  `total_amount` double NULL DEFAULT NULL COMMENT '付款金额',
  `quantity` int(11) NULL DEFAULT NULL COMMENT '数量',
  `out_trade_no` varchar(50) CHARACTER SET utf8mb4 COLLATE utf8mb4_general_ci NULL DEFAULT NULL COMMENT '商户订单号',
  `to_member_name` varchar(50) CHARACTER SET utf8mb4 COLLATE utf8mb4_general_ci NULL DEFAULT NULL COMMENT '对方账号名称',
  `to_member_id` varchar(50) CHARACTER SET utf8mb4 COLLATE utf8mb4_general_ci NULL DEFAULT NULL COMMENT '对方账号',
  `payment_type` varchar(50) CHARACTER SET utf8mb4 COLLATE utf8mb4_general_ci NULL DEFAULT NULL COMMENT '付款方式',
  `payment_account_no` varchar(50) CHARACTER SET utf8mb4 COLLATE utf8mb4_general_ci NULL DEFAULT NULL COMMENT '付款账号',
  `reason` varchar(255) CHARACTER SET utf8mb4 COLLATE utf8mb4_general_ci NULL DEFAULT NULL COMMENT '理由',
  `integral_reward` int(11) NULL DEFAULT NULL COMMENT '积分奖励',
  `remark` varchar(255) CHARACTER SET utf8mb4 COLLATE utf8mb4_general_ci NULL DEFAULT NULL COMMENT '备注',
  `bill_context` longtext CHARACTER SET utf8mb4 COLLATE utf8mb4_general_ci NULL COMMENT '账单内容',
  `user_id` bigint(20) NULL DEFAULT NULL COMMENT '用户id',
  PRIMARY KEY (`id`) USING BTREE
) ENGINE = MyISAM AUTO_INCREMENT = 99550831044595713 CHARACTER SET = utf8mb4 COLLATE = utf8mb4_general_ci COMMENT = '订单' ROW_FORMAT = Dynamic;

-- ----------------------------
-- Records of t_bill
-- ----------------------------
INSERT INTO `t_bill` VALUES (96425796905865216, NULL, '2018-11-23 14:58:30', NULL, NULL, NULL, '1', NULL, NULL, NULL, NULL, NULL, NULL, NULL, NULL, NULL, NULL, NULL, NULL, NULL, NULL, NULL, NULL, NULL, 1);
INSERT INTO `t_bill` VALUES (96426847977476096, NULL, '2018-11-23 14:58:34', NULL, NULL, '1', '1', 'app下单测试', NULL, NULL, NULL, NULL, NULL, 0.01, 1, NULL, NULL, NULL, NULL, NULL, NULL, NULL, NULL, '订单内容', 2);
INSERT INTO `t_bill` VALUES (96427201976733696, NULL, NULL, NULL, NULL, '1', '1', 'app下单测试', NULL, NULL, NULL, NULL, NULL, 0.01, 1, NULL, NULL, NULL, NULL, NULL, NULL, NULL, NULL, '订单内容', 3);
INSERT INTO `t_bill` VALUES (96427228090470400, NULL, NULL, NULL, NULL, '1', '1', 'web下单测试', NULL, NULL, NULL, NULL, NULL, 0.01, 1, NULL, NULL, NULL, NULL, NULL, NULL, NULL, NULL, '订单内容', 88603625256910848);
INSERT INTO `t_bill` VALUES (96429136997912576, NULL, NULL, NULL, NULL, '1', '1', 'web下单测试', NULL, NULL, NULL, NULL, NULL, 1, 1, NULL, NULL, NULL, NULL, NULL, NULL, NULL, NULL, '订单内容', 88612918546923520);
INSERT INTO `t_bill` VALUES (96430026467184640, NULL, NULL, NULL, NULL, '1', '1', 'web下单测试', NULL, NULL, NULL, NULL, NULL, 1, 1, NULL, NULL, NULL, NULL, NULL, NULL, NULL, NULL, '订单内容', 88612918546923520);
INSERT INTO `t_bill` VALUES (96430832113291264, NULL, NULL, NULL, NULL, '1', '1', 'web下单测试', NULL, NULL, NULL, NULL, NULL, 1, 1, NULL, NULL, NULL, NULL, NULL, NULL, NULL, NULL, '订单内容', 1);
INSERT INTO `t_bill` VALUES (96437935628488704, NULL, NULL, NULL, NULL, '1', '1', 'web下单测试', NULL, NULL, NULL, NULL, NULL, 0.01, 1, NULL, NULL, NULL, NULL, NULL, NULL, NULL, NULL, '订单内容', 88612918546923520);
INSERT INTO `t_bill` VALUES (96439030799011840, NULL, NULL, NULL, NULL, '1', '1', 'web下单测试', NULL, NULL, NULL, NULL, NULL, 0.01, 1, NULL, NULL, NULL, NULL, NULL, NULL, NULL, NULL, '订单内容', 3);
INSERT INTO `t_bill` VALUES (96562854160896000, NULL, NULL, NULL, NULL, '1', '1', 'web下单测试', NULL, NULL, NULL, NULL, NULL, 0.01, 1, NULL, NULL, NULL, NULL, NULL, NULL, NULL, NULL, '订单内容', 88612918546923520);
INSERT INTO `t_bill` VALUES (96565841943990272, NULL, NULL, NULL, NULL, '1', '1', 'web下单测试', NULL, NULL, NULL, NULL, NULL, 0.01, 1, NULL, NULL, NULL, NULL, NULL, NULL, NULL, NULL, '订单内容', 2);
INSERT INTO `t_bill` VALUES (96567083948707840, NULL, NULL, NULL, NULL, '1', '1', 'web下单测试', NULL, NULL, NULL, NULL, NULL, 0.01, 1, '38893725107093504', NULL, NULL, NULL, NULL, NULL, NULL, NULL, '订单内容', 1);
INSERT INTO `t_bill` VALUES (96567979038347264, NULL, NULL, NULL, NULL, '1', '1', 'web下单测试', NULL, NULL, NULL, NULL, NULL, 0.01, 1, '38894620511305728', NULL, NULL, NULL, NULL, NULL, NULL, NULL, '订单内容', 1);
INSERT INTO `t_bill` VALUES (96597624597123072, NULL, NULL, NULL, NULL, '0', '1', '测试统一下单', NULL, NULL, NULL, NULL, NULL, 0.01, 1, '38924265185083392', NULL, NULL, NULL, NULL, NULL, NULL, NULL, '付款详情页的订单信息', 1);
INSERT INTO `t_bill` VALUES (96598706656251904, NULL, NULL, NULL, NULL, '0', '1', '测试统一下单', NULL, NULL, NULL, NULL, NULL, 0.01, 1, '38925347969826816', NULL, NULL, NULL, NULL, NULL, NULL, NULL, '付款详情页的订单信息', 1);
INSERT INTO `t_bill` VALUES (99550831044595712, NULL, NULL, NULL, NULL, '0', '1', '测试统一下单', NULL, NULL, NULL, NULL, NULL, 0.01, 1, '41877472341393408', NULL, NULL, NULL, NULL, NULL, NULL, NULL, '付款详情页的订单信息', NULL);

-- ----------------------------
-- Table structure for t_dict_type
-- ----------------------------
DROP TABLE IF EXISTS `t_dict_type`;
CREATE TABLE `t_dict_type`  (
  `id` bigint(20) NOT NULL AUTO_INCREMENT COMMENT 'id',
  `create_by` bigint(20) NULL DEFAULT NULL COMMENT '创建人id',
  `create_date` datetime(0) NULL DEFAULT NULL COMMENT '创建时间',
  `update_by` bigint(20) NULL DEFAULT NULL COMMENT '更新人id',
  `update_date` datetime(0) NULL DEFAULT NULL COMMENT '更新时间',
  `type_code` varchar(255) CHARACTER SET utf8 COLLATE utf8_general_ci NOT NULL COMMENT '字典编码',
  `type_name` varchar(255) CHARACTER SET utf8 COLLATE utf8_general_ci NOT NULL COMMENT '字典编码名称',
  `type_group_id` bigint(20) NOT NULL COMMENT '字典组id',
  `type_group_code` varchar(255) CHARACTER SET utf8 COLLATE utf8_general_ci NOT NULL COMMENT '字典组编码',
  `order_num` int(4) NULL DEFAULT NULL COMMENT '排序',
  PRIMARY KEY (`id`) USING BTREE,
  INDEX `fk_type_group_id`(`type_group_id`) USING BTREE
) ENGINE = MyISAM AUTO_INCREMENT = 108265787696873473 CHARACTER SET = utf8mb4 COLLATE = utf8mb4_general_ci COMMENT = '字典' ROW_FORMAT = Dynamic;

-- ----------------------------
-- Records of t_dict_type
-- ----------------------------
INSERT INTO `t_dict_type` VALUES (100000001, NULL, NULL, NULL, NULL, 'mobile', '手机端', 1, '', 1);
INSERT INTO `t_dict_type` VALUES (100000002, NULL, NULL, NULL, NULL, 'box', '智能音箱', 1, '', 2);
INSERT INTO `t_dict_type` VALUES (100000003, NULL, NULL, NULL, NULL, '0', '不可用', 2, '', NULL);
INSERT INTO `t_dict_type` VALUES (100000004, NULL, NULL, NULL, NULL, '1', '可用', 2, '', NULL);
INSERT INTO `t_dict_type` VALUES (100000005, NULL, NULL, NULL, NULL, 'ROLE_USER', '普通用户', 3, '', NULL);
INSERT INTO `t_dict_type` VALUES (100000006, NULL, NULL, NULL, NULL, 'ROLE_ADMIN', '管理员', 3, '', NULL);
INSERT INTO `t_dict_type` VALUES (100000007, NULL, NULL, NULL, NULL, 'ROLE_SU', '超管', 3, '', NULL);
INSERT INTO `t_dict_type` VALUES (100000008, NULL, NULL, NULL, NULL, '1', '男', 4, 'sex', NULL);
INSERT INTO `t_dict_type` VALUES (100000009, NULL, NULL, NULL, NULL, '0', '女', 4, 'sex', NULL);
INSERT INTO `t_dict_type` VALUES (100000010, NULL, '2018-11-19 10:23:45', NULL, NULL, '0', '离线', 5, '', 1);
INSERT INTO `t_dict_type` VALUES (100000011, NULL, '2018-11-19 11:27:11', NULL, NULL, '1', '在线', 5, '', 2);
INSERT INTO `t_dict_type` VALUES (100000012, NULL, NULL, NULL, NULL, '0', '关闭', 6, '', NULL);
INSERT INTO `t_dict_type` VALUES (100000013, NULL, NULL, NULL, NULL, '1', '启用', 6, '', NULL);
INSERT INTO `t_dict_type` VALUES (100000014, NULL, NULL, NULL, NULL, '1', '一级菜单', 7, '', 1);
INSERT INTO `t_dict_type` VALUES (100000015, NULL, NULL, NULL, NULL, '2', '二级菜单', 7, '', 2);
INSERT INTO `t_dict_type` VALUES (95684685694238720, NULL, '2018-11-18 23:09:45', NULL, NULL, 'test_01', '测试子字典1', 95684503049076736, '', 1);
INSERT INTO `t_dict_type` VALUES (95854276256989184, NULL, '2018-11-19 10:23:38', NULL, NULL, '2', '勿扰', 5, '', 3);
INSERT INTO `t_dict_type` VALUES (96958562013544448, NULL, '2018-11-22 11:34:26', NULL, NULL, '1', '待付款', 96950073392365568, 'bill_status', 1);
INSERT INTO `t_dict_type` VALUES (96959193222742016, NULL, '2018-11-22 11:34:11', NULL, NULL, '2', '已付款，待发货', 96950073392365568, 'bill_status', 2);
INSERT INTO `t_dict_type` VALUES (96961451628953600, NULL, '2018-11-22 11:43:09', NULL, NULL, '3', '已发货，待收货', 96950073392365568, 'bill_status', 1);
INSERT INTO `t_dict_type` VALUES (96962768984342528, NULL, '2018-11-22 11:48:23', NULL, NULL, '4', '交易成功', 96950073392365568, 'bill_status', 4);
INSERT INTO `t_dict_type` VALUES (96963159130112000, NULL, '2018-11-22 11:49:56', NULL, NULL, '5', '交易关闭', 96950073392365568, 'bill_status', 5);
INSERT INTO `t_dict_type` VALUES (96963562651516928, NULL, '2018-11-22 11:51:33', NULL, NULL, '6', '退款中', 96950073392365568, 'bill_status', 6);
INSERT INTO `t_dict_type` VALUES (97357187684237312, NULL, '2018-11-23 13:55:40', NULL, NULL, '1', '充值', 97356870024429568, 'bill_type', 1);
INSERT INTO `t_dict_type` VALUES (96964537789448192, NULL, '2018-11-22 11:55:25', NULL, NULL, '43', '发热', 95684503049076736, 'test', 1);
INSERT INTO `t_dict_type` VALUES (96965184324632576, NULL, '2018-11-22 11:57:59', NULL, NULL, '3', '非人防', 95684503049076736, 'test', 1);
INSERT INTO `t_dict_type` VALUES (96965451875090432, NULL, '2018-11-22 11:59:03', NULL, NULL, '44', '烦烦烦', 95684503049076736, 'test', 1);
INSERT INTO `t_dict_type` VALUES (97354533956485120, NULL, '2018-11-23 13:45:07', NULL, NULL, '3', '3', 95684503049076736, 'test', 3);
INSERT INTO `t_dict_type` VALUES (97366040169676800, NULL, '2018-11-23 14:30:51', NULL, NULL, 'alipay', '支付宝', 97365554750291968, 'payment_type', 1);
INSERT INTO `t_dict_type` VALUES (97366110180999168, NULL, '2018-11-23 14:31:07', NULL, NULL, 'wxpay', '微信', 97365554750291968, 'payment_type', 2);
INSERT INTO `t_dict_type` VALUES (97536125287006208, NULL, '2018-11-24 01:46:42', NULL, NULL, '1', '产品消息', 97535843673047040, 'msg_type', 1);
INSERT INTO `t_dict_type` VALUES (97536221990879232, NULL, '2018-11-24 01:47:05', NULL, NULL, '2', '安全消息', 97535843673047040, 'msg_type', 2);
INSERT INTO `t_dict_type` VALUES (97536285903683584, NULL, '2018-11-24 01:47:21', NULL, NULL, '3', '服务消息', 97535843673047040, 'msg_type', 3);
INSERT INTO `t_dict_type` VALUES (97536343411785728, NULL, '2018-11-24 01:47:34', NULL, NULL, '4', '活动消息', 97535843673047040, 'msg_type', 4);
INSERT INTO `t_dict_type` VALUES (97536415625117696, NULL, '2018-11-24 01:47:51', NULL, NULL, '5', '历史消息', 97535843673047040, 'msg_type', 5);
INSERT INTO `t_dict_type` VALUES (97536494998126592, NULL, '2018-11-24 01:48:10', NULL, NULL, '6', '故障消息', 97535843673047040, 'msg_type', 6);
INSERT INTO `t_dict_type` VALUES (99136468701675520, NULL, '2018-11-28 11:45:54', NULL, NULL, '1', 'banner', 99135515659337728, 'news_type', 1);
INSERT INTO `t_dict_type` VALUES (106065464517459968, NULL, '2018-12-17 14:39:15', NULL, NULL, 'easyui-calendar', 'easyui-calendar', 99135515659337729, 'easyui_component', NULL);
INSERT INTO `t_dict_type` VALUES (106065623204757504, NULL, '2018-12-17 14:39:53', NULL, NULL, 'easyui-checkbox', 'easyui-checkbox', 99135515659337729, 'easyui_component', NULL);
INSERT INTO `t_dict_type` VALUES (106065824678150144, NULL, '2018-12-17 14:40:41', NULL, NULL, 'easyui-combobox', 'easyui-combobox', 99135515659337729, 'easyui_component', NULL);
INSERT INTO `t_dict_type` VALUES (106065929544138752, NULL, '2018-12-17 14:41:06', NULL, NULL, 'easyui-datebox', 'easyui-datebox', 99135515659337729, 'easyui_component', NULL);
INSERT INTO `t_dict_type` VALUES (106066093541425152, NULL, '2018-12-17 14:41:45', NULL, NULL, 'easyui-datetimebox', 'easyui-datetimebox', 99135515659337729, 'easyui_component', NULL);
INSERT INTO `t_dict_type` VALUES (106066157286457344, NULL, '2018-12-17 14:42:00', NULL, NULL, 'easyui-textbox', 'easyui-textbox', 99135515659337729, 'easyui_component', NULL);
INSERT INTO `t_dict_type` VALUES (106066363230978048, NULL, '2018-12-17 14:42:49', NULL, NULL, 'easyui-datetimespinner', 'easyui-datetimespinner', 99135515659337729, 'easyui_component', NULL);
INSERT INTO `t_dict_type` VALUES (106066513508696064, NULL, '2018-12-17 14:43:25', NULL, NULL, 'easyui-filebox', 'easyui-filebox', 99135515659337729, 'easyui_component', NULL);
INSERT INTO `t_dict_type` VALUES (106066710796173312, NULL, '2018-12-17 14:44:12', NULL, NULL, 'easyui-maskedbox', 'easyui-maskedbox', 99135515659337729, 'easyui_component', NULL);
INSERT INTO `t_dict_type` VALUES (106066824096907264, NULL, '2018-12-17 14:44:39', NULL, NULL, 'easyui-numberbox', 'easyui-numberbox', 99135515659337729, 'easyui_component', NULL);
INSERT INTO `t_dict_type` VALUES (106066986638770176, NULL, '2018-12-17 14:45:18', NULL, NULL, 'easyui-numberspinner', 'easyui-numberspinner', 99135515659337729, 'easyui_component', NULL);
INSERT INTO `t_dict_type` VALUES (106067095950721024, NULL, '2018-12-17 14:45:44', NULL, NULL, 'easyui-passwordbox', 'easyui-passwordbox', 99135515659337729, 'easyui_component', NULL);
INSERT INTO `t_dict_type` VALUES (106067188607090688, NULL, '2018-12-17 14:46:06', NULL, NULL, 'easyui-searchbox', 'easyui-searchbox', 99135515659337729, 'easyui_component', NULL);
INSERT INTO `t_dict_type` VALUES (106067282467225600, NULL, '2018-12-17 14:46:29', NULL, NULL, 'easyui-slider', 'easyui-slider', 99135515659337729, 'easyui_component', NULL);
INSERT INTO `t_dict_type` VALUES (106067385764544512, NULL, '2018-12-17 14:46:53', NULL, NULL, 'easyui-switchbutton', 'easyui-switchbutton', 99135515659337729, 'easyui_component', NULL);
INSERT INTO `t_dict_type` VALUES (106067475187105792, NULL, '2018-12-17 14:47:15', NULL, NULL, 'easyui-radiobutton', 'easyui-radiobutton', 99135515659337729, 'easyui_component', NULL);
INSERT INTO `t_dict_type` VALUES (106067650790031360, NULL, '2018-12-17 14:47:56', NULL, NULL, 'easyui-tagbox', 'easyui-tagbox', 99135515659337729, 'easyui_component', NULL);
INSERT INTO `t_dict_type` VALUES (106067812547559424, NULL, '2018-12-17 14:48:35', NULL, NULL, 'easyui-timespinner', 'easyui-timespinner', 99135515659337729, 'easyui_component', NULL);
INSERT INTO `t_dict_type` VALUES (106069021484384256, NULL, '2018-12-17 14:53:23', NULL, NULL, 'easyui-validatebox', 'easyui-validatebox', 99135515659337729, 'easyui_component', NULL);
INSERT INTO `t_dict_type` VALUES (106350652392734720, NULL, '2018-12-18 09:32:29', NULL, NULL, 'image', '图片', 99135515659337729, 'easyui_component', NULL);
INSERT INTO `t_dict_type` VALUES (106351861832876032, NULL, '2018-12-18 09:38:29', NULL, NULL, 'rich_text', '富文本', 99135515659337729, 'easyui_component', 1);
INSERT INTO `t_dict_type` VALUES (106353594952843264, NULL, '2018-12-18 09:44:11', NULL, NULL, 't:select', 't:select', 99135515659337729, 'easyui_component', NULL);
INSERT INTO `t_dict_type` VALUES (106353713701978112, NULL, '2018-12-18 09:44:39', NULL, NULL, 't:dict', 't:dict', 99135515659337729, 'easyui_component', NULL);
INSERT INTO `t_dict_type` VALUES (108265713587716096, NULL, '2018-12-23 16:24:47', NULL, NULL, '1', 'on', 108265224984854528, 'job_status', 1);
INSERT INTO `t_dict_type` VALUES (108265787696873472, NULL, '2018-12-23 18:01:51', NULL, NULL, '0', 'off', 108265224984854528, 'job_status', 2);

-- ----------------------------
-- Table structure for t_dict_type_group
-- ----------------------------
DROP TABLE IF EXISTS `t_dict_type_group`;
CREATE TABLE `t_dict_type_group`  (
  `id` bigint(20) NOT NULL AUTO_INCREMENT COMMENT 'id',
  `create_by` bigint(20) NULL DEFAULT NULL COMMENT '创建人id',
  `create_date` datetime(0) NULL DEFAULT NULL COMMENT '创建时间',
  `update_by` bigint(20) NULL DEFAULT NULL COMMENT '更新人id',
  `update_date` datetime(0) NULL DEFAULT NULL COMMENT '更新时间',
  `type_group_code` varchar(255) CHARACTER SET utf8 COLLATE utf8_general_ci NOT NULL COMMENT '字典组编码',
  `type_group_name` varchar(255) CHARACTER SET utf8 COLLATE utf8_general_ci NOT NULL COMMENT '字典组名称',
  PRIMARY KEY (`id`) USING BTREE
) ENGINE = MyISAM AUTO_INCREMENT = 108265224984854529 CHARACTER SET = utf8mb4 COLLATE = utf8mb4_general_ci COMMENT = '字典组' ROW_FORMAT = Dynamic;

-- ----------------------------
-- Records of t_dict_type_group
-- ----------------------------
INSERT INTO `t_dict_type_group` VALUES (1, NULL, NULL, NULL, NULL, 'login_type', '登录方式');
INSERT INTO `t_dict_type_group` VALUES (2, NULL, NULL, NULL, NULL, 'status', '状态');
INSERT INTO `t_dict_type_group` VALUES (3, NULL, NULL, NULL, NULL, 'role_type', '角色种类');
INSERT INTO `t_dict_type_group` VALUES (4, NULL, NULL, NULL, NULL, 'sex_type', '性别');
INSERT INTO `t_dict_type_group` VALUES (5, NULL, NULL, NULL, NULL, 'login_status', '登录状态');
INSERT INTO `t_dict_type_group` VALUES (6, NULL, NULL, NULL, NULL, 'alarm_clock_status', '闹钟状态');
INSERT INTO `t_dict_type_group` VALUES (7, NULL, NULL, NULL, NULL, 'menu_type', '菜单类型');
INSERT INTO `t_dict_type_group` VALUES (96950073392365568, NULL, '2018-11-22 10:58:08', NULL, NULL, 'bill_status', '订单状态');
INSERT INTO `t_dict_type_group` VALUES (97356870024429568, NULL, '2018-11-23 13:54:24', NULL, NULL, 'bill_type', '账单类型');
INSERT INTO `t_dict_type_group` VALUES (97365554750291968, NULL, '2018-11-23 14:28:55', NULL, NULL, 'payment_type', '支付方式');
INSERT INTO `t_dict_type_group` VALUES (97535843673047040, NULL, '2018-11-24 01:45:35', NULL, NULL, 'msg_type', '消息类型');
INSERT INTO `t_dict_type_group` VALUES (99135515659337728, NULL, '2018-11-28 11:42:07', NULL, NULL, 'news_type', '新闻类型');
INSERT INTO `t_dict_type_group` VALUES (99135515659337729, NULL, NULL, NULL, NULL, 'easyui_component', 'EasyUI组件');
INSERT INTO `t_dict_type_group` VALUES (108265224984854528, NULL, '2018-12-23 16:20:19', NULL, NULL, 'job_status', 'job状态');

-- ----------------------------
-- Table structure for t_log_login
-- ----------------------------
DROP TABLE IF EXISTS `t_log_login`;
CREATE TABLE `t_log_login`  (
  `id` bigint(20) NOT NULL AUTO_INCREMENT,
  `create_by` bigint(20) NULL DEFAULT NULL COMMENT '创建人id',
  `create_date` datetime(0) NULL DEFAULT NULL COMMENT '创建时间',
  `update_by` bigint(20) NULL DEFAULT NULL COMMENT '更新人id',
  `update_date` datetime(0) NULL DEFAULT NULL COMMENT '更新时间',
  `create_time` datetime(0) NULL DEFAULT NULL,
  `ip` varchar(255) CHARACTER SET utf8mb4 COLLATE utf8mb4_general_ci NULL DEFAULT NULL,
  `username` varchar(255) CHARACTER SET utf8mb4 COLLATE utf8mb4_general_ci NULL DEFAULT NULL,
  PRIMARY KEY (`id`) USING BTREE
) ENGINE = MyISAM AUTO_INCREMENT = 93524539023032321 CHARACTER SET = utf8mb4 COLLATE = utf8mb4_general_ci ROW_FORMAT = Dynamic;

-- ----------------------------
-- Records of t_log_login
-- ----------------------------
INSERT INTO `t_log_login` VALUES (93524539023032320, NULL, NULL, NULL, NULL, '2018-11-13 00:06:05', '192.168.1.7', 'jeesun');

-- ----------------------------
-- Table structure for t_multi_language
-- ----------------------------
DROP TABLE IF EXISTS `t_multi_language`;
CREATE TABLE `t_multi_language`  (
  `id` bigint(20) NOT NULL AUTO_INCREMENT COMMENT 'id',
  `language_code` varchar(255) CHARACTER SET utf8mb4 COLLATE utf8mb4_general_ci NOT NULL COMMENT '语言',
  `reference` varchar(255) CHARACTER SET utf8mb4 COLLATE utf8mb4_general_ci NOT NULL COMMENT '参考',
  `message` varchar(255) CHARACTER SET utf8mb4 COLLATE utf8mb4_general_ci NOT NULL COMMENT '信息',
  PRIMARY KEY (`id`) USING BTREE
) ENGINE = MyISAM AUTO_INCREMENT = 1 CHARACTER SET = utf8mb4 COLLATE = utf8mb4_general_ci COMMENT = '国际化信息' ROW_FORMAT = Dynamic;

-- ----------------------------
-- Table structure for t_news_info
-- ----------------------------
DROP TABLE IF EXISTS `t_news_info`;
CREATE TABLE `t_news_info`  (
  `id` bigint(20) NOT NULL AUTO_INCREMENT,
  `create_by` bigint(20) NULL DEFAULT NULL COMMENT '创建人id',
  `create_date` datetime(0) NULL DEFAULT NULL COMMENT '创建时间',
  `update_by` bigint(20) NULL DEFAULT NULL COMMENT '更新人id',
  `update_date` datetime(0) NULL DEFAULT NULL COMMENT '更新时间',
  `title` varchar(255) CHARACTER SET utf8mb4 COLLATE utf8mb4_general_ci NULL DEFAULT NULL,
  `user_id` bigint(20) NULL DEFAULT NULL,
  `status` int(4) NULL DEFAULT NULL,
  `content` text CHARACTER SET utf8mb4 COLLATE utf8mb4_general_ci NULL,
  `image_url` varchar(255) CHARACTER SET utf8mb4 COLLATE utf8mb4_general_ci NULL DEFAULT NULL,
  `publish_date` datetime(0) NULL DEFAULT NULL,
  `tags` varchar(255) CHARACTER SET utf8mb4 COLLATE utf8mb4_general_ci NULL DEFAULT NULL,
  `news_type` int(4) NULL DEFAULT NULL COMMENT '新闻类型',
  PRIMARY KEY (`id`) USING BTREE
) ENGINE = MyISAM AUTO_INCREMENT = 111993828751179777 CHARACTER SET = utf8mb4 COLLATE = utf8mb4_general_ci COMMENT = '新闻' ROW_FORMAT = Dynamic;

-- ----------------------------
-- Records of t_news_info
-- ----------------------------
INSERT INTO `t_news_info` VALUES (1, 1, '2018-11-15 21:58:04', 1, '2018-11-15 21:58:07', '被库克批评之后，扎克伯格下令FB高管都用安卓手机', 1, 1, '<p>大苏打<img src=\"http://pjiiukt1g.bkt.clouddn.com/fileUpload/gangtiexia.jpg\" alt=\"gangtiexia.jpg\"/></p>', '/fileUpload/6026febf5dc24c5a9ffdeefa9c727364.jpeg', '2018-11-15 22:08:18', NULL, 0);
INSERT INTO `t_news_info` VALUES (94611785297952768, NULL, '2018-11-16 00:08:52', NULL, '2018-11-16 00:08:49', '标题测试', NULL, NULL, '<p>的撒大苏打</p>', NULL, '2018-11-16 00:08:59', NULL, 0);
INSERT INTO `t_news_info` VALUES (94775027517358080, NULL, NULL, NULL, NULL, '图片上传测试', NULL, NULL, '<p><img src=\"/fileUpload/timg (1).jpg\" class=\"fr-fic fr-dib\"/><img src=\"http://localhost:8182/fileUpload/26891736.jpeg\" alt=\"26891736.jpeg\" width=\"499\" height=\"348\"/></p>', NULL, NULL, NULL, 0);
INSERT INTO `t_news_info` VALUES (94776970356719616, NULL, NULL, NULL, NULL, '再次测试图片上传', NULL, NULL, '<p><img src=\"http://localhost:8182/fileUpload/f498e01633b5b704ebfe0385f52bad20.jpg\" alt=\"f498e01633b5b704ebfe0385f52bad20.jpg\" width=\"317\" height=\"185\"/></p>', NULL, NULL, NULL, 0);
INSERT INTO `t_news_info` VALUES (99132408858673152, NULL, NULL, NULL, NULL, '测试图文混排', NULL, NULL, '<p>测试图文混排</p><p><br/></p>', NULL, NULL, NULL, 1);
INSERT INTO `t_news_info` VALUES (99132665180979200, NULL, NULL, NULL, NULL, '新图文混排', NULL, NULL, '<p style=\"text-align: center;\"><strong><em><span style=\"text-decoration:underline;\"><span style=\"text-decoration:line-through;\"><span style=\"font-size: 18px;\">测试图文混排</span></span></span></em></strong></p><p><img src=\"http://localhost:8182/fileUpload/26891736.jpeg\" alt=\"26891736.jpeg\"/></p>', NULL, NULL, NULL, 1);
INSERT INTO `t_news_info` VALUES (111993828751179776, NULL, NULL, NULL, NULL, '测试layer', NULL, NULL, '<p>111</p>', NULL, NULL, NULL, NULL);

-- ----------------------------
-- Table structure for t_news_tag
-- ----------------------------
DROP TABLE IF EXISTS `t_news_tag`;
CREATE TABLE `t_news_tag`  (
  `id` bigint(20) NOT NULL AUTO_INCREMENT,
  `create_by` bigint(20) NULL DEFAULT NULL COMMENT '创建人id',
  `create_date` datetime(0) NULL DEFAULT NULL COMMENT '创建时间',
  `update_by` bigint(20) NULL DEFAULT NULL COMMENT '更新人id',
  `update_date` datetime(0) NULL DEFAULT NULL COMMENT '更新时间',
  `news_info_id` bigint(20) NULL DEFAULT NULL,
  `tag_id` bigint(20) NULL DEFAULT NULL,
  PRIMARY KEY (`id`) USING BTREE
) ENGINE = MyISAM AUTO_INCREMENT = 1 CHARACTER SET = utf8mb4 COLLATE = utf8mb4_general_ci ROW_FORMAT = Fixed;

-- ----------------------------
-- Table structure for t_notice_msg
-- ----------------------------
DROP TABLE IF EXISTS `t_notice_msg`;
CREATE TABLE `t_notice_msg`  (
  `id` bigint(20) NOT NULL AUTO_INCREMENT COMMENT 'id',
  `create_by` bigint(20) NULL DEFAULT NULL COMMENT '创建人id',
  `create_date` datetime(0) NULL DEFAULT NULL COMMENT '创建时间',
  `update_by` bigint(20) NULL DEFAULT NULL COMMENT '更新人id',
  `update_date` datetime(0) NULL DEFAULT NULL COMMENT '更新时间',
  `user_id` bigint(20) NULL DEFAULT NULL COMMENT '用户id',
  `msg_type` int(8) NULL DEFAULT NULL COMMENT '消息类型',
  `content` longtext CHARACTER SET utf8mb4 COLLATE utf8mb4_general_ci NULL COMMENT '消息内容',
  `is_read` tinyint(1) NOT NULL DEFAULT 0 COMMENT '是否已读',
  PRIMARY KEY (`id`) USING BTREE
) ENGINE = MyISAM AUTO_INCREMENT = 1 CHARACTER SET = utf8mb4 COLLATE = utf8mb4_general_ci COMMENT = '通知消息' ROW_FORMAT = Dynamic;

-- ----------------------------
-- Table structure for t_qr_code
-- ----------------------------
DROP TABLE IF EXISTS `t_qr_code`;
CREATE TABLE `t_qr_code`  (
  `id` bigint(20) NOT NULL AUTO_INCREMENT,
  `create_by` bigint(20) NULL DEFAULT NULL COMMENT '创建人id',
  `create_date` datetime(0) NULL DEFAULT NULL COMMENT '创建时间',
  `update_by` bigint(20) NULL DEFAULT NULL COMMENT '更新人id',
  `update_date` datetime(0) NULL DEFAULT NULL COMMENT '更新时间',
  `is_ok` tinyint(1) NULL DEFAULT NULL,
  `sid` varchar(255) CHARACTER SET utf8mb4 COLLATE utf8mb4_general_ci NULL DEFAULT NULL,
  `token` varchar(255) CHARACTER SET utf8mb4 COLLATE utf8mb4_general_ci NULL DEFAULT NULL,
  `username` varchar(255) CHARACTER SET utf8mb4 COLLATE utf8mb4_general_ci NULL DEFAULT NULL,
  PRIMARY KEY (`id`) USING BTREE
) ENGINE = MyISAM AUTO_INCREMENT = 1 CHARACTER SET = utf8mb4 COLLATE = utf8mb4_general_ci ROW_FORMAT = Dynamic;

-- ----------------------------
-- Table structure for t_reset_pwd_info
-- ----------------------------
DROP TABLE IF EXISTS `t_reset_pwd_info`;
CREATE TABLE `t_reset_pwd_info`  (
  `id` bigint(20) NOT NULL AUTO_INCREMENT,
  `create_by` bigint(20) NULL DEFAULT NULL COMMENT '创建人id',
  `create_date` datetime(0) NULL DEFAULT NULL COMMENT '创建时间',
  `update_by` bigint(20) NULL DEFAULT NULL COMMENT '更新人id',
  `update_date` datetime(0) NULL DEFAULT NULL COMMENT '更新时间',
  `expires_in` timestamp(6) NULL DEFAULT NULL,
  `secret_key` varchar(255) CHARACTER SET utf8mb4 COLLATE utf8mb4_general_ci NULL DEFAULT NULL,
  `user_id` bigint(20) NULL DEFAULT NULL,
  `valid` tinyint(1) NOT NULL,
  PRIMARY KEY (`id`) USING BTREE
) ENGINE = MyISAM AUTO_INCREMENT = 1 CHARACTER SET = utf8mb4 COLLATE = utf8mb4_general_ci ROW_FORMAT = Dynamic;

-- ----------------------------
-- Table structure for t_s_quartz_job
-- ----------------------------
DROP TABLE IF EXISTS `t_s_quartz_job`;
CREATE TABLE `t_s_quartz_job`  (
  `id` bigint(20) NOT NULL AUTO_INCREMENT COMMENT 'id',
  `create_by` bigint(20) NULL DEFAULT NULL COMMENT '创建人id',
  `create_date` datetime(0) NULL DEFAULT NULL COMMENT '创建时间',
  `update_by` bigint(20) NULL DEFAULT NULL COMMENT '更新人id',
  `update_date` datetime(0) NULL DEFAULT NULL COMMENT '更新时间',
  `cron_expression` varchar(50) CHARACTER SET utf8mb4 COLLATE utf8mb4_general_ci NULL DEFAULT NULL COMMENT 'cron表达式',
  `method_name` varchar(255) CHARACTER SET utf8mb4 COLLATE utf8mb4_general_ci NULL DEFAULT NULL COMMENT '任务调用的方法名',
  `is_concurrent` int(4) NULL DEFAULT NULL COMMENT '任务是否有状态',
  `description` varchar(255) CHARACTER SET utf8mb4 COLLATE utf8mb4_general_ci NULL DEFAULT NULL COMMENT '描述',
  `bean_name` varchar(255) CHARACTER SET utf8mb4 COLLATE utf8mb4_general_ci NULL DEFAULT NULL COMMENT '任务执行时调用哪个类的方法 包名+类名，完全限定名',
  `trigger_name` varchar(255) CHARACTER SET utf8mb4 COLLATE utf8mb4_general_ci NULL DEFAULT NULL COMMENT '触发器名称',
  `job_status` int(4) NULL DEFAULT NULL COMMENT '任务状态',
  `spring_bean` varchar(255) CHARACTER SET utf8mb4 COLLATE utf8mb4_general_ci NULL DEFAULT NULL,
  `job_name` varchar(255) CHARACTER SET utf8mb4 COLLATE utf8mb4_general_ci NULL DEFAULT NULL COMMENT '任务名',
  PRIMARY KEY (`id`) USING BTREE
) ENGINE = MyISAM AUTO_INCREMENT = 2 CHARACTER SET = utf8mb4 COLLATE = utf8mb4_general_ci COMMENT = 'quartz任务' ROW_FORMAT = Dynamic;

-- ----------------------------
-- Records of t_s_quartz_job
-- ----------------------------
INSERT INTO `t_s_quartz_job` VALUES (1, 1, '2018-12-21 22:21:26', 1000000000, '2019-01-02 22:19:29', '*/5 * * * * ?', 'execute', 0, '测试', 'com.simon.task.SampleTask', 'org.quartz.CronTrigger', 0, NULL, 'com.simon.task.SampleTask');

-- ----------------------------
-- Table structure for t_side_menu
-- ----------------------------
DROP TABLE IF EXISTS `t_side_menu`;
CREATE TABLE `t_side_menu`  (
  `id` bigint(20) NOT NULL AUTO_INCREMENT COMMENT 'id',
  `create_by` bigint(20) NULL DEFAULT NULL COMMENT '创建人id',
  `create_date` datetime(0) NULL DEFAULT NULL COMMENT '创建时间',
  `update_by` bigint(20) NULL DEFAULT NULL COMMENT '更新人id',
  `update_date` datetime(0) NULL DEFAULT NULL COMMENT '更新时间',
  `name` varchar(255) CHARACTER SET utf8mb4 COLLATE utf8mb4_general_ci NULL DEFAULT NULL COMMENT '菜单名称',
  `url` varchar(255) CHARACTER SET utf8mb4 COLLATE utf8mb4_general_ci NULL DEFAULT NULL COMMENT '菜单地址',
  `authority` varchar(255) CHARACTER SET utf8mb4 COLLATE utf8mb4_general_ci NULL DEFAULT NULL COMMENT '菜单权限',
  `icon` varchar(255) CHARACTER SET utf8mb4 COLLATE utf8mb4_general_ci NULL DEFAULT NULL COMMENT '菜单图标',
  `pid` bigint(20) NULL DEFAULT NULL COMMENT '菜单组id',
  `order_num` int(4) NULL DEFAULT NULL COMMENT '排序',
  PRIMARY KEY (`id`) USING BTREE
) ENGINE = MyISAM AUTO_INCREMENT = 107876685461848065 CHARACTER SET = utf8mb4 COLLATE = utf8mb4_general_ci COMMENT = '侧边菜单表' ROW_FORMAT = Dynamic;

-- ----------------------------
-- Records of t_side_menu
-- ----------------------------
INSERT INTO `t_side_menu` VALUES (11, NULL, NULL, NULL, NULL, '用户管理', '/api/oauthUsers?easyui-list', 'ROLE_ADMIN', 'fa fa-user', 1, 2);
INSERT INTO `t_side_menu` VALUES (12, NULL, NULL, NULL, NULL, '权限管理', '/api/authorities?easyui-list', 'ROLE_ADMIN', 'fa fa-users', 1, 3);
INSERT INTO `t_side_menu` VALUES (3, NULL, NULL, NULL, NULL, '数据字典', '/dictTypeGroups?easyui-list', 'ROLE_ADMIN,ROLE_SU', 'fa fa-book', 1, 4);
INSERT INTO `t_side_menu` VALUES (90997036798705664, NULL, NULL, NULL, NULL, 'druid', '/druid/index.html', 'ROLE_USER', 'fa fa-user', 90995059306004480, 3);
INSERT INTO `t_side_menu` VALUES (8, NULL, NULL, NULL, NULL, '菜单管理', '/sideMenus?easyui-list', 'ROLE_ADMIN', 'fa fa-list-ol', 1, 1);
INSERT INTO `t_side_menu` VALUES (94108390556434432, NULL, '2018-11-14 14:46:07', NULL, NULL, '了解OauthServer', '/easyui/home.html', 'ROLE_USER,ROLE_ADMIN,ROLE_SU', '', 94105929343041536, 1);
INSERT INTO `t_side_menu` VALUES (1, NULL, NULL, NULL, NULL, '系统管理', '', 'ROLE_ADMIN,ROLE_SU', 'fa fa-cog', 0, 2);
INSERT INTO `t_side_menu` VALUES (107876685461848064, NULL, '2018-12-22 14:36:24', NULL, NULL, '定时任务', '/api/quartzJobs?easyui-list', 'ROLE_ADMIN,ROLE_SU', 'fa fa-user', 1, NULL);
INSERT INTO `t_side_menu` VALUES (93126997827387392, NULL, NULL, NULL, NULL, '日志管理', '/api/loggingEvents?easyui-list', 'ROLE_USER', 'fa fa-book', 90995059306004480, 4);
INSERT INTO `t_side_menu` VALUES (79367527003586560, NULL, NULL, NULL, NULL, '二级菜单测试', NULL, 'ROLE_USER,ROLE_ADMIN', 'fa fa-user', 79360945591156736, 1);
INSERT INTO `t_side_menu` VALUES (80832133433655296, NULL, NULL, NULL, NULL, '代码生成', '/tables?easyui-list', 'ROLE_ADMIN', 'fa fa-table', 90995059306004480, NULL);
INSERT INTO `t_side_menu` VALUES (90995059306004480, NULL, NULL, NULL, NULL, '系统工具', '', 'ROLE_SU,ROLE_USER,ROLE_ADMIN', 'fa fa-user', 0, 3);
INSERT INTO `t_side_menu` VALUES (90995810619097088, NULL, NULL, NULL, NULL, 'swagger', '/swagger-ui.html', 'ROLE_USER', 'fa fa-user', 90995059306004480, 2);
INSERT INTO `t_side_menu` VALUES (94105929343041536, NULL, '2018-11-14 14:36:20', NULL, NULL, '主页', NULL, 'ROLE_USER', 'fa fa-home', 0, 1);
INSERT INTO `t_side_menu` VALUES (87241298137841664, NULL, NULL, NULL, NULL, 'easyui3', '', 'ROLE_USER,ROLE_ADMIN', 'fa fa-user', 80690359838965760, 35);
INSERT INTO `t_side_menu` VALUES (94579068325855232, NULL, '2018-11-15 21:56:25', NULL, NULL, '新闻管理', '/api/newsInfos?easyui-list', 'ROLE_USER,ROLE_ADMIN,ROLE_SU', 'fa fa-newspaper-o', 94105929343041536, 2);
INSERT INTO `t_side_menu` VALUES (96634530655371264, NULL, '2018-11-21 14:04:05', NULL, NULL, '订单管理', '/api/bills?easyui-list', 'ROLE_ADMIN,ROLE_SU', 'fa fa-usd', 94105929343041536, 3);

-- ----------------------------
-- Table structure for t_users
-- ----------------------------
DROP TABLE IF EXISTS `t_users`;
CREATE TABLE `t_users`  (
  `id` bigint(20) NOT NULL AUTO_INCREMENT COMMENT 'id',
  `create_by` bigint(20) NULL DEFAULT NULL COMMENT '创建人id',
  `create_date` datetime(0) NULL DEFAULT NULL COMMENT '创建时间',
  `update_by` bigint(20) NULL DEFAULT NULL COMMENT '更新人id',
  `update_date` datetime(0) NULL DEFAULT NULL COMMENT '更新时间',
  `username` varchar(255) CHARACTER SET utf8 COLLATE utf8_general_ci NOT NULL COMMENT '用户名',
  `password` varchar(255) CHARACTER SET utf8 COLLATE utf8_general_ci NOT NULL COMMENT '密码',
  `enabled` tinyint(1) NOT NULL COMMENT '有效',
  `area_code` varchar(25) CHARACTER SET utf8mb4 COLLATE utf8mb4_general_ci NULL DEFAULT NULL COMMENT '手机区号',
  `phone` varchar(255) CHARACTER SET utf8 COLLATE utf8_general_ci NOT NULL COMMENT '手机号',
  `email` varchar(255) CHARACTER SET utf8 COLLATE utf8_general_ci NULL DEFAULT NULL COMMENT '邮箱',
  `ssoid` varchar(255) CHARACTER SET utf8 COLLATE utf8_general_ci NULL DEFAULT NULL COMMENT 'oppo账号ssoid',
  `album_id` bigint(20) NULL DEFAULT NULL COMMENT '播放列表id',
  `address` varchar(255) CHARACTER SET utf8 COLLATE utf8_general_ci NULL DEFAULT NULL COMMENT '地址',
  `age` int(4) NULL DEFAULT NULL COMMENT '年龄',
  `birth` date NULL DEFAULT NULL COMMENT '生日',
  `head_photo` varchar(255) CHARACTER SET utf8 COLLATE utf8_general_ci NULL DEFAULT NULL COMMENT '头像',
  `person_brief` varchar(255) CHARACTER SET utf8 COLLATE utf8_general_ci NULL DEFAULT NULL COMMENT '个人简介',
  `sex` tinyint(1) NULL DEFAULT NULL COMMENT '性别',
  `visit_card` varchar(255) CHARACTER SET utf8 COLLATE utf8_general_ci NULL DEFAULT NULL COMMENT '邀请码',
  `login_type` int(4) NULL DEFAULT NULL COMMENT '登录方式',
  `login_status` varchar(25) CHARACTER SET utf8mb4 COLLATE utf8mb4_general_ci NULL DEFAULT NULL COMMENT '登录状态',
  `login_date` datetime(0) NULL DEFAULT NULL COMMENT '登录时间',
  PRIMARY KEY (`id`) USING BTREE,
  UNIQUE INDEX `phone`(`phone`) USING BTREE,
  INDEX `email`(`email`) USING BTREE
) ENGINE = MyISAM AUTO_INCREMENT = 1000000006 CHARACTER SET = utf8mb4 COLLATE = utf8mb4_general_ci COMMENT = '用户表' ROW_FORMAT = Dynamic;

-- ----------------------------
-- Records of t_users
-- ----------------------------
INSERT INTO `t_users` VALUES (1000000000, NULL, NULL, NULL, NULL, 'jeesun', '$2a$11$t4akVchfgOv00XxB/ZKLlOmweUoL/Aed4CiJqQjaiRLZpBU3AWfxu', 1, '+86', '18800000000', '18800000000@163.com', NULL, NULL, '江苏省苏州市', 18, '2018-07-04', '/fileUpload/1491809301512510.jpg', '巨蟹宅', 1, NULL, NULL, NULL, NULL);
INSERT INTO `t_users` VALUES (1000000001, NULL, NULL, NULL, NULL, 'user2711', '$2a$11$BUiKPp8.pcym7sxXYPvZeOjl0BOoVl3PZT.1Wfb3kmIgooO/GfQ4G', 1, '+86', '18800000001', '18800000001@163.com', NULL, NULL, NULL, NULL, '2018-01-30', NULL, NULL, 0, NULL, NULL, NULL, '2018-10-27 02:56:23');
INSERT INTO `t_users` VALUES (1000000002, NULL, NULL, NULL, NULL, 'user6745', '$2a$11$a7XDbu2RvLjZdr4kCvqh2u7gwVXhwxdauIzbX3ZizbBU.HeV8BOky', 1, '+86', '18800000002', '18800000002@163.com', NULL, NULL, NULL, NULL, '2009-09-14', NULL, NULL, 0, NULL, NULL, NULL, '2018-10-27 03:38:24');
INSERT INTO `t_users` VALUES (1000000003, NULL, NULL, NULL, NULL, 'simon', '$2a$11$t4akVchfgOv00XxB/ZKLlOmweUoL/Aed4CiJqQjaiRLZpBU3AWfxu', 1, '+86', '18800000003', '18800000003@163.com', NULL, NULL, NULL, NULL, NULL, '/fileUpload/微信图片_20181016142155.png', NULL, 0, NULL, NULL, NULL, NULL);
INSERT INTO `t_users` VALUES (1000000004, NULL, NULL, NULL, NULL, 'sss', '$2a$11$rTQdNRld6Cc02vK9btH6tupdQW7aqbfcNlaD8ioigbADeHJWEcLM6', 1, '+86', '18800000004', '18800000004@163.com', NULL, NULL, NULL, NULL, NULL, NULL, '', 1, NULL, NULL, NULL, NULL);
INSERT INTO `t_users` VALUES (1000000005, NULL, NULL, NULL, NULL, 'admin', '$2a$11$7pwrZUA2nOx8jWr6P1H3f.eEsmUnFmzZOs1jVxEEQSXa3HForbGKS', 1, '+86', '18800000005', '18800000005@163.com', NULL, NULL, '', NULL, NULL, NULL, '', 1, NULL, NULL, NULL, NULL);

-- ----------------------------
-- Table structure for t_veri_code
-- ----------------------------
DROP TABLE IF EXISTS `t_veri_code`;
CREATE TABLE `t_veri_code`  (
  `id` bigint(20) NOT NULL AUTO_INCREMENT,
  `create_by` bigint(20) NULL DEFAULT NULL COMMENT '创建人id',
  `create_date` datetime(0) NULL DEFAULT NULL COMMENT '创建时间',
  `update_by` bigint(20) NULL DEFAULT NULL COMMENT '更新人id',
  `update_date` datetime(0) NULL DEFAULT NULL COMMENT '更新时间',
  `code` int(4) NULL DEFAULT NULL,
  `create_time` bigint(20) NULL DEFAULT NULL,
  `expires` int(4) NULL DEFAULT NULL,
  `phone` varchar(255) CHARACTER SET utf8mb4 COLLATE utf8mb4_general_ci NULL DEFAULT NULL,
  PRIMARY KEY (`id`) USING BTREE
) ENGINE = MyISAM AUTO_INCREMENT = 1 CHARACTER SET = utf8mb4 COLLATE = utf8mb4_general_ci ROW_FORMAT = Dynamic;

SET FOREIGN_KEY_CHECKS = 1;
